date,code,name,buy_date,sell_date,buy_price,close,return_pct,is_stop_loss
2024-02-26,300024,机器人,2024-02-26,2024-02-27,11.5,12.55,9.13,False
2024-02-27,300024,机器人,2024-02-26,2024-02-27,11.5,12.39,7.74,False
2024-05-22,000560,我爱我家,2024-05-22,2024-05-23,3.58,3.76,5.03,False
2024-05-23,000560,我爱我家,2024-05-22,2024-05-23,3.58,3.69,3.07,False
2024-06-18,605258,协和电子,2024-06-18,2024-06-19,35.64,36.7532523,3.12,False
2024-06-19,605258,协和电子,2024-06-18,2024-06-19,35.64,37.00705962,3.84,False
2024-06-24,002130,沃尔核材,2024-06-24,2024-06-25,14.17,13.43720352,-5.17,True
2024-06-25,002130,沃尔核材,2024-06-24,2024-06-25,14.17,13.168857,-7.07,True
2024-06-25,002766,索菱股份,2024-06-25,2024-06-26,5.58,5.32,-4.66,True
2024-06-25,601127,赛力斯,2024-06-25,2024-06-26,94.37,84.70050762,-10.25,True
2024-06-26,002130,沃尔核材,2024-06-26,2024-06-27,13.47,13.64591748,1.31,True
2024-06-26,002766,索菱股份,2024-06-25,2024-06-26,5.58,4.96,-11.11,True
2024-06-26,601127,赛力斯,2024-06-25,2024-06-26,94.37,85.07603198,-9.85,True
2024-06-27,002130,沃尔核材,2024-06-26,2024-06-27,13.47,12.76136784,-5.26,True
2024-07-02,002130,沃尔核材,2024-07-02,2024-07-03,14.99,14.7093648,-1.87,True
2024-07-03,002130,沃尔核材,2024-07-02,2024-07-03,14.99,14.08322292,-6.05,True
2024-07-03,002130,沃尔核材,2024-07-03,2024-07-04,14.59,14.08322292,-3.47,False
2024-07-04,002130,沃尔核材,2024-07-03,2024-07-04,14.59,14.03352912,-3.81,False
2024-07-04,002130,沃尔核材,2024-07-04,2024-07-05,14.27,14.03352912,-1.66,False
2024-07-04,002279,久其软件,2024-07-04,2024-07-05,4.88,4.98,2.05,False
2024-07-04,300502,新易盛,2024-07-04,2024-07-05,80.27,79.80552248,-0.58,False
2024-07-05,002130,沃尔核材,2024-07-04,2024-07-05,14.27,14.49071208,1.55,False
2024-07-05,002130,沃尔核材,2024-07-05,2024-07-08,14.16,14.49071208,2.34,False
2024-07-05,002279,久其软件,2024-07-04,2024-07-05,4.88,5.2,6.56,False
2024-07-05,300502,新易盛,2024-07-04,2024-07-05,80.27,80.37464988,0.13,False
2024-07-08,002130,沃尔核材,2024-07-05,2024-07-08,14.16,14.68948728,3.74,False
2024-07-08,002130,沃尔核材,2024-07-08,2024-07-09,14.26,14.68948728,3.01,False
2024-07-09,002130,沃尔核材,2024-07-08,2024-07-09,14.26,16.16042376,13.33,False
2024-07-09,002741,光华科技,2024-07-09,2024-07-10,11.28,11.32026762,0.36,True
2024-07-10,002741,光华科技,2024-07-09,2024-07-10,11.28,11.07136112,-1.85,True
2024-07-18,600611,大众交通,2024-07-18,2024-07-19,4.64,5.29812255,14.18,False
2024-07-19,600611,大众交通,2024-07-18,2024-07-19,4.64,5.5053117,18.65,False
2024-07-23,600611,大众交通,2024-07-23,2024-07-24,6.36,6.65965125,4.71,False
2024-07-23,600650,锦江在线,2024-07-23,2024-07-24,13.48,13.2333978,-1.83,True
2024-07-23,600686,金龙汽车,2024-07-23,2024-07-24,11.9,12.5435629,5.41,False
2024-07-24,600611,大众交通,2024-07-23,2024-07-24,6.36,7.01483265,10.3,False
2024-07-24,600611,大众交通,2024-07-24,2024-07-25,6.89,7.01483265,1.81,False
2024-07-24,600650,锦江在线,2024-07-23,2024-07-24,13.48,11.91005802,-11.65,True
2024-07-24,600686,金龙汽车,2024-07-23,2024-07-24,11.9,11.56189276,-2.84,False
2024-07-24,600686,金龙汽车,2024-07-24,2024-07-25,12.89,11.56189276,-10.3,True
2024-07-25,600611,大众交通,2024-07-24,2024-07-25,6.89,7.7153293,11.98,False
2024-07-25,600686,金龙汽车,2024-07-24,2024-07-25,12.89,12.72204838,-1.3,True
2024-07-26,600611,大众交通,2024-07-26,2024-07-29,8.09,8.31716445,2.81,False
2024-07-26,600686,金龙汽车,2024-07-26,2024-07-29,13.73,13.99127846,1.9,False
2024-07-29,600611,大众交通,2024-07-26,2024-07-29,8.09,9.14592105,13.05,False
2024-07-29,600686,金龙汽车,2024-07-26,2024-07-29,13.73,15.38941472,12.09,False
2024-07-30,002130,沃尔核材,2024-07-30,2024-07-31,16.29,16.7965044,3.11,False
2024-07-30,600686,金龙汽车,2024-07-30,2024-07-31,15.37,16.92637302,10.13,False
2024-07-31,002130,沃尔核材,2024-07-30,2024-07-31,16.29,16.67723928,2.38,False
2024-07-31,600611,大众交通,2024-07-31,2024-08-01,10.63,9.79708695,-7.84,True
2024-07-31,600650,锦江在线,2024-07-31,2024-08-01,16.99,14.4184782,-15.14,True
2024-07-31,600686,金龙汽车,2024-07-30,2024-07-31,15.37,15.57781606,1.35,False
2024-08-01,600611,大众交通,2024-07-31,2024-08-01,10.63,9.86615,-7.19,True
2024-08-01,600650,锦江在线,2024-07-31,2024-08-01,16.99,13.65805161,-19.61,True
2024-08-02,000550,江铃汽车,2024-08-02,2024-08-05,30.11,27.3188235,-9.27,True
2024-08-05,000550,江铃汽车,2024-08-02,2024-08-05,30.11,24.59177634,-18.33,True
2024-08-07,000901,航天科技,2024-08-07,2024-08-08,12.7,13.97,10.0,False
2024-08-07,600611,大众交通,2024-08-07,2024-08-08,10.07,9.9648115,-1.04,True
2024-08-08,000901,航天科技,2024-08-07,2024-08-08,12.7,13.81,8.74,False
2024-08-08,000901,航天科技,2024-08-08,2024-08-09,15.0,13.81,-7.93,True
2024-08-08,002829,星网宇达,2024-08-08,2024-08-09,21.57,21.29,-1.3,True
2024-08-08,600611,大众交通,2024-08-07,2024-08-08,10.07,9.3333779,-7.32,True
2024-08-08,600686,金龙汽车,2024-08-08,2024-08-09,16.06,14.54656662,-9.42,True
2024-08-09,000901,航天科技,2024-08-08,2024-08-09,15.0,12.43,-17.13,True
2024-08-09,002829,星网宇达,2024-08-08,2024-08-09,21.57,19.61,-9.09,True
2024-08-09,600686,金龙汽车,2024-08-08,2024-08-09,16.06,15.87529186,-1.15,True
2024-08-12,000536,华映科技,2024-08-12,2024-08-13,2.19,2.22,1.37,True
2024-08-13,000536,华映科技,2024-08-12,2024-08-13,2.19,2.12,-3.2,True
2024-08-13,600611,大众交通,2024-08-13,2024-08-14,8.98,9.2042288,2.5,False
2024-08-14,600611,大众交通,2024-08-13,2024-08-14,8.98,9.27365725,3.27,False
2024-08-14,600611,大众交通,2024-08-14,2024-08-15,9.04,9.27365725,2.58,False
2024-08-15,600611,大众交通,2024-08-14,2024-08-15,9.04,9.13480035,1.05,False
2024-08-21,000810,创维数字,2024-08-21,2024-08-22,9.38,9.5187014,1.48,False
2024-08-22,000810,创维数字,2024-08-21,2024-08-22,9.38,10.4685926,11.61,False
2024-08-28,600611,大众交通,2024-08-28,2024-08-29,9.19,9.67039125,5.23,False
2024-08-29,600611,大众交通,2024-08-28,2024-08-29,9.19,9.23398385,0.48,False
2024-09-09,002456,欧菲光,2024-09-09,2024-09-10,8.9,8.53,-4.16,True
2024-09-09,601162,天风证券,2024-09-09,2024-09-10,2.55,2.89,13.33,False
2024-09-10,002456,欧菲光,2024-09-09,2024-09-10,8.9,8.48,-4.72,True
2024-09-10,600611,大众交通,2024-09-10,2024-09-11,9.19,9.19431045,0.05,True
2024-09-10,601162,天风证券,2024-09-09,2024-09-10,2.55,2.81,10.2,False
2024-09-10,601162,天风证券,2024-09-10,2024-09-11,2.87,2.81,-2.09,True
2024-09-11,600550,保变电气,2024-09-11,2024-09-12,6.02,7.04,16.94,False
2024-09-11,600611,大众交通,2024-09-10,2024-09-11,9.19,8.2719039,-9.99,True
2024-09-11,600611,大众交通,2024-09-11,2024-09-12,8.27,8.2719039,0.02,True
2024-09-11,601162,天风证券,2024-09-10,2024-09-11,2.87,2.89,0.7,True
2024-09-11,601162,天风证券,2024-09-11,2024-09-12,2.8,2.89,3.21,False
2024-09-12,600550,保变电气,2024-09-11,2024-09-12,6.02,7.74,28.57,False
2024-09-12,600550,保变电气,2024-09-12,2024-09-13,6.99,7.74,10.73,False
2024-09-12,600611,大众交通,2024-09-11,2024-09-12,8.27,7.44868085,-9.93,True
2024-09-12,600611,大众交通,2024-09-12,2024-09-13,8.02,7.44868085,-7.12,True
2024-09-12,601162,天风证券,2024-09-11,2024-09-12,2.8,2.7,-3.57,False
2024-09-13,600550,保变电气,2024-09-12,2024-09-13,6.99,8.51,21.75,False
2024-09-13,600611,大众交通,2024-09-12,2024-09-13,8.02,6.7048046,-16.4,True
2024-09-18,000536,华映科技,2024-09-18,2024-09-19,3.27,3.27,0.0,True
2024-09-18,002251,步步高,2024-09-18,2024-09-19,2.73,2.62,-4.03,True
2024-09-18,600550,保变电气,2024-09-18,2024-09-19,8.75,9.19,5.03,False
2024-09-18,601162,天风证券,2024-09-18,2024-09-19,2.92,2.87,-1.71,False
2024-09-19,000536,华映科技,2024-09-18,2024-09-19,3.27,3.2,-2.14,True
2024-09-19,000536,华映科技,2024-09-19,2024-09-20,2.94,3.2,8.84,False
2024-09-19,002251,步步高,2024-09-18,2024-09-19,2.73,2.6,-4.76,True
2024-09-19,600550,保变电气,2024-09-18,2024-09-19,8.75,10.11,15.54,False
2024-09-19,600550,保变电气,2024-09-19,2024-09-20,8.37,10.11,20.79,False
2024-09-19,601162,天风证券,2024-09-18,2024-09-19,2.92,2.87,-1.71,False
2024-09-19,601162,天风证券,2024-09-19,2024-09-20,2.88,2.87,-0.35,True
2024-09-20,000536,华映科技,2024-09-19,2024-09-20,2.94,3.08,4.76,False
2024-09-20,600550,保变电气,2024-09-19,2024-09-20,8.37,11.12,32.86,False
2024-09-20,601162,天风证券,2024-09-19,2024-09-20,2.88,2.74,-4.86,True
2024-09-23,300085,银之杰,2024-09-23,2024-09-24,12.75,13.18,3.37,False
2024-09-23,600536,中国软件,2024-09-23,2024-09-24,36.01,34.82,-3.3,True
2024-09-23,600550,保变电气,2024-09-23,2024-09-24,11.68,12.23,4.71,True
2024-09-24,000948,南天信息,2024-09-24,2024-09-25,17.19,17.19285491,0.02,True
2024-09-24,300085,银之杰,2024-09-23,2024-09-24,12.75,15.82,24.08,False
2024-09-24,600536,中国软件,2024-09-23,2024-09-24,36.01,34.63,-3.83,True
2024-09-24,600550,保变电气,2024-09-23,2024-09-24,11.68,11.01,-5.74,True
2024-09-24,600550,保变电气,2024-09-24,2024-09-25,12.7,11.01,-13.31,True
2024-09-25,000948,南天信息,2024-09-24,2024-09-25,17.19,16.94397166,-1.43,True
2024-09-25,600550,保变电气,2024-09-24,2024-09-25,12.7,9.91,-21.97,True
2024-09-25,600550,保变电气,2024-09-25,2024-09-26,10.5,9.91,-5.62,True
2024-09-26,000948,南天信息,2024-09-26,2024-09-27,15.98,16.50593714,3.29,False
2024-09-26,300085,银之杰,2024-09-26,2024-09-27,19.36,22.78,17.67,False
2024-09-26,600550,保变电气,2024-09-25,2024-09-26,10.5,9.47,-9.81,True
2024-09-26,600550,保变电气,2024-09-26,2024-09-27,9.6,9.47,-1.35,True
2024-09-27,000948,南天信息,2024-09-26,2024-09-27,15.98,17.11321227,7.09,False
2024-09-27,300085,银之杰,2024-09-26,2024-09-27,19.36,27.34,41.22,False
2024-09-27,600550,保变电气,2024-09-26,2024-09-27,9.6,9.11,-5.1,True
2024-10-09,300033,同花顺,2024-10-09,2024-10-10,152.94,160.57523939,4.99,True
2024-10-10,300033,同花顺,2024-10-09,2024-10-10,152.94,132.5672027,-13.32,True
2024-10-14,600415,小商品城,2024-10-14,2024-10-15,11.81,10.6104276,-10.16,True
2024-10-15,600415,小商品城,2024-10-14,2024-10-15,11.81,11.33743838,-4.0,True
2024-10-16,000617,中油资本,2024-10-16,2024-10-17,7.83,7.59873366,-2.95,True
2024-10-17,000617,中油资本,2024-10-16,2024-10-17,7.83,7.90190064,0.92,True
2024-10-24,002085,万丰奥威,2024-10-24,2024-10-25,17.23,16.6428461,-3.41,False
2024-10-24,300364,中文在线,2024-10-24,2024-10-25,31.18,31.57,1.25,False
2024-10-25,002085,万丰奥威,2024-10-24,2024-10-25,17.23,17.4330109,1.18,False
2024-10-25,300364,中文在线,2024-10-24,2024-10-25,31.18,32.85,5.36,False
2024-10-30,002583,海能达,2024-10-30,2024-10-31,24.7,25.64,3.81,False
2024-10-30,600839,四川长虹,2024-10-30,2024-10-31,13.93,14.90628342,7.01,False
2024-10-30,603106,恒银科技,2024-10-30,2024-10-31,11.89,12.93545264,8.79,False
2024-10-31,002583,海能达,2024-10-30,2024-10-31,24.7,28.2,14.17,False
2024-10-31,600839,四川长虹,2024-10-30,2024-10-31,13.93,16.39890192,17.72,False
2024-10-31,601727,上海电气,2024-10-31,2024-11-01,8.99,9.0,0.11,True
2024-10-31,603106,恒银科技,2024-10-30,2024-10-31,11.89,13.44370232,13.07,False
2024-11-01,600550,保变电气,2024-11-01,2024-11-04,12.32,11.34,-7.95,True
2024-11-01,600839,四川长虹,2024-11-01,2024-11-04,17.53,14.75702157,-15.82,True
2024-11-01,601162,天风证券,2024-11-01,2024-11-04,6.39,5.82,-8.92,True
2024-11-01,601727,上海电气,2024-10-31,2024-11-01,8.99,8.1,-9.9,True
2024-11-04,000917,电广传媒,2024-11-04,2024-11-05,10.57,9.98416419,-5.54,True
2024-11-04,002094,青岛金王,2024-11-04,2024-11-05,9.3,9.3,0.0,True
2024-11-04,002156,通富微电,2024-11-04,2024-11-05,29.67,28.6507221,-3.44,False
2024-11-04,600111,北方稀土,2024-11-04,2024-11-05,24.85,23.820426,-4.14,True
2024-11-04,600550,保变电气,2024-11-01,2024-11-04,12.32,10.74,-12.82,True
2024-11-04,600839,四川长虹,2024-11-01,2024-11-04,17.53,14.91623421,-14.91,True
2024-11-04,601162,天风证券,2024-11-01,2024-11-04,6.39,5.76,-9.86,True
2024-11-05,000917,电广传媒,2024-11-04,2024-11-05,10.57,9.31589346,-11.86,True
2024-11-05,001696,宗申动力,2024-11-05,2024-11-06,26.85,28.08467235,4.6,False
2024-11-05,002094,青岛金王,2024-11-04,2024-11-05,9.3,10.23,10.0,True
2024-11-05,002156,通富微电,2024-11-04,2024-11-05,29.67,31.51579431,6.22,False
2024-11-05,002583,海能达,2024-11-05,2024-11-06,23.0,22.32,-2.96,True
2024-11-05,600111,北方稀土,2024-11-04,2024-11-05,24.85,25.5582684,2.85,True
2024-11-05,601727,上海电气,2024-11-05,2024-11-06,9.65,9.8,1.55,False
2024-11-06,001696,宗申动力,2024-11-05,2024-11-06,26.85,28.32242619,5.48,False
2024-11-06,002583,海能达,2024-11-05,2024-11-06,23.0,23.23,1.0,True
2024-11-06,601727,上海电气,2024-11-05,2024-11-06,9.65,10.78,11.71,False
2024-11-07,000536,华映科技,2024-11-07,2024-11-13,8.2,8.92,8.78,False
2024-11-07,002797,第一创业,2024-11-07,2024-11-08,9.67,10.487277,8.45,False
2024-11-07,300033,同花顺,2024-11-07,2024-11-08,188.39,227.74169521,20.89,False
2024-11-07,601727,上海电气,2024-11-07,2024-11-08,11.45,11.18,-2.36,False
2024-11-08,000536,华映科技,2024-11-07,2024-11-13,8.2,8.06,-1.71,False
2024-11-08,002085,万丰奥威,2024-11-08,2024-11-11,21.14,22.03572086,4.24,False
2024-11-08,002797,第一创业,2024-11-07,2024-11-08,9.67,9.635619,-0.36,False
2024-11-08,300033,同花顺,2024-11-07,2024-11-08,188.39,211.1899118,12.1,False
2024-11-08,601727,上海电气,2024-11-07,2024-11-08,11.45,12.3,7.42,False
2024-11-11,000536,华映科技,2024-11-07,2024-11-13,8.2,7.25,-11.59,False
2024-11-11,002085,万丰奥威,2024-11-08,2024-11-11,21.14,23.211091,9.8,False
2024-11-11,002797,第一创业,2024-11-11,2024-11-12,9.23,9.685134,4.93,False
2024-11-11,300377,赢时胜,2024-11-11,2024-11-12,27.5,26.34,-4.22,False
2024-11-12,000536,华映科技,2024-11-07,2024-11-13,8.2,6.53,-20.37,False
2024-11-12,002797,第一创业,2024-11-11,2024-11-12,9.23,9.378141,1.6,False
2024-11-12,300033,同花顺,2024-11-12,2024-11-13,208.55,221.60342358,6.26,False
2024-11-12,300377,赢时胜,2024-11-11,2024-11-12,27.5,27.81,1.13,False
2024-11-12,600536,中国软件,2024-11-12,2024-11-13,64.01,69.19,8.09,False
2024-11-12,601727,上海电气,2024-11-12,2024-11-13,10.71,10.58,-1.21,False
2024-11-13,000066,中国长城,2024-11-13,2024-11-14,21.95,21.49,-2.1,True
2024-11-13,000536,华映科技,2024-11-07,2024-11-13,8.2,6.83,-16.71,False
2024-11-13,300033,同花顺,2024-11-12,2024-11-13,208.55,221.061198,6.0,False
2024-11-13,300377,赢时胜,2024-11-13,2024-11-14,26.5,27.62,4.23,False
2024-11-13,600536,中国软件,2024-11-12,2024-11-13,64.01,67.47,5.41,False
2024-11-13,601727,上海电气,2024-11-12,2024-11-13,10.71,10.71,0.0,False
2024-11-14,000066,中国长城,2024-11-13,2024-11-14,21.95,19.34,-11.89,True
2024-11-14,300377,赢时胜,2024-11-13,2024-11-14,26.5,27.14,2.42,False
2024-11-14,300750,宁德时代,2024-11-14,2024-11-15,270.88,263.222575,-2.83,True
2024-11-14,600206,有研新材,2024-11-14,2024-11-15,20.38,18.8420987,-7.55,False
2024-11-15,002156,通富微电,2024-11-15,2024-11-18,33.85,31.10649828,-8.1,True
2024-11-15,300033,同花顺,2024-11-15,2024-11-18,216.87,189.4313725,-12.65,True
2024-11-15,300750,宁德时代,2024-11-14,2024-11-15,270.88,254.18686188,-6.16,True
2024-11-15,600206,有研新材,2024-11-14,2024-11-15,20.38,20.7312801,1.72,False
2024-11-15,601698,中国卫通,2024-11-15,2024-11-18,23.96,23.31485825,-2.69,True
2024-11-18,002156,通富微电,2024-11-15,2024-11-18,33.85,29.6490051,-12.41,True
2024-11-18,300033,同花顺,2024-11-15,2024-11-18,216.87,185.10747108,-14.65,True
2024-11-18,600536,中国软件,2024-11-18,2024-11-19,57.0,53.2,-6.67,True
2024-11-18,601698,中国卫通,2024-11-15,2024-11-18,23.96,21.51756725,-10.19,True
2024-11-18,601727,上海电气,2024-11-18,2024-11-19,9.5,8.78,-7.58,True
2024-11-19,600536,中国软件,2024-11-18,2024-11-19,57.0,55.62,-2.42,True
2024-11-19,601727,上海电气,2024-11-18,2024-11-19,9.5,9.38,-1.26,True
2024-11-19,601727,上海电气,2024-11-19,2024-11-20,8.48,9.38,10.61,False
2024-11-19,603918,金桥信息,2024-11-19,2024-11-20,14.2,14.2,0.0,False
2024-11-19,603955,大千生态,2024-11-19,2024-11-20,24.95,27.45071679,10.02,False
2024-11-20,002045,国光电器,2024-11-20,2024-11-21,19.53,20.88,6.91,False
2024-11-20,002085,万丰奥威,2024-11-20,2024-11-21,19.76,20.3467436,2.97,False
2024-11-20,601727,上海电气,2024-11-19,2024-11-20,8.48,9.85,16.16,False
2024-11-20,601727,上海电气,2024-11-20,2024-11-21,9.3,9.85,5.91,False
2024-11-20,603918,金桥信息,2024-11-19,2024-11-20,14.2,14.83,4.44,False
2024-11-20,603955,大千生态,2024-11-19,2024-11-20,24.95,30.19678704,21.03,False
2024-11-20,603955,大千生态,2024-11-20,2024-11-21,28.84,30.19678704,4.7,False
2024-11-21,001696,宗申动力,2024-11-21,2024-11-22,26.83,27.06431212,0.87,True
2024-11-21,002045,国光电器,2024-11-20,2024-11-21,19.53,20.78,6.4,False
2024-11-21,002085,万丰奥威,2024-11-20,2024-11-21,19.76,20.06030886,1.52,False
2024-11-21,300024,机器人,2024-11-21,2024-11-22,20.33,19.75,-2.85,True
2024-11-21,601727,上海电气,2024-11-20,2024-11-21,9.3,10.08,8.39,False
2024-11-21,601727,上海电气,2024-11-21,2024-11-22,9.56,10.08,5.44,False
2024-11-21,603955,大千生态,2024-11-20,2024-11-21,28.84,33.21247146,15.16,False
2024-11-22,001696,宗申动力,2024-11-21,2024-11-22,26.83,26.66805572,-0.6,True
2024-11-22,300024,机器人,2024-11-21,2024-11-22,20.33,18.49,-9.05,True
2024-11-22,300607,拓斯达,2024-11-22,2024-11-25,30.5,30.0,-1.64,True
2024-11-22,601727,上海电气,2024-11-21,2024-11-22,9.56,9.85,3.03,False
2024-11-22,603366,日出东方,2024-11-22,2024-11-25,13.17,14.16964016,7.59,False
2024-11-22,603955,大千生态,2024-11-22,2024-11-25,30.79,31.954272,3.78,True
2024-11-25,300607,拓斯达,2024-11-22,2024-11-25,30.5,30.84,1.11,True
2024-11-25,600206,有研新材,2024-11-25,2024-11-26,24.36,25.57355032,4.98,True
2024-11-25,603366,日出东方,2024-11-22,2024-11-25,13.17,15.58262394,18.32,False
2024-11-25,603955,大千生态,2024-11-22,2024-11-25,30.79,29.78737293,-3.26,True
2024-11-25,603955,大千生态,2024-11-25,2024-11-26,32.95,29.78737293,-9.6,True
2024-11-26,300024,机器人,2024-11-26,2024-11-27,18.84,18.03,-4.3,True
2024-11-26,600206,有研新材,2024-11-25,2024-11-26,24.36,23.0181839,-5.51,True
2024-11-26,603955,大千生态,2024-11-25,2024-11-26,32.95,26.81163135,-18.63,True
2024-11-27,002167,东方锆业,2024-11-27,2024-11-28,9.14,10.14,10.94,False
2024-11-27,002469,三维化学,2024-11-27,2024-11-28,10.16,10.1564324,-0.04,True
2024-11-27,300024,机器人,2024-11-26,2024-11-27,18.84,18.3,-2.87,True
2024-11-28,002167,东方锆业,2024-11-27,2024-11-28,9.14,10.72,17.29,False
2024-11-28,002469,三维化学,2024-11-27,2024-11-28,10.16,9.14078916,-10.03,True
2024-11-29,001229,魅视科技,2024-11-29,2024-12-02,46.84,46.8350625,-0.01,True
2024-11-29,002167,东方锆业,2024-11-29,2024-12-02,10.1,10.35,2.48,False
2024-11-29,600206,有研新材,2024-11-29,2024-12-02,20.95,22.34205582,6.64,False
2024-12-02,001229,魅视科技,2024-11-29,2024-12-02,46.84,42.1545,-10.0,True
2024-12-02,002167,东方锆业,2024-11-29,2024-12-02,10.1,10.03,-0.69,False
2024-12-02,301011,华立科技,2024-12-02,2024-12-03,36.06,38.01646125,5.43,True
2024-12-02,600206,有研新材,2024-11-29,2024-12-02,20.95,20.91025518,-0.19,False
2024-12-02,600327,大东方,2024-12-02,2024-12-03,7.95,8.15836731,2.62,False
2024-12-02,605179,一鸣食品,2024-12-02,2024-12-03,15.53,16.25652424,4.68,False
2024-12-03,001229,魅视科技,2024-12-03,2024-12-04,41.21,42.5764375,3.32,True
2024-12-03,301011,华立科技,2024-12-02,2024-12-03,36.06,33.3774,-7.44,True
2024-12-03,600327,大东方,2024-12-02,2024-12-03,7.95,8.83409079,11.12,False
2024-12-03,605179,一鸣食品,2024-12-02,2024-12-03,15.53,17.88417378,15.16,False
2024-12-04,001229,魅视科技,2024-12-03,2024-12-04,41.21,39.112625,-5.09,True
2024-12-04,002640,跨境通,2024-12-04,2024-12-05,5.58,6.2,11.11,False
2024-12-04,300024,机器人,2024-12-04,2024-12-05,19.8,23.0,16.16,False
2024-12-04,601933,永辉超市,2024-12-04,2024-12-05,5.65,6.52,15.4,False
2024-12-05,002131,利欧股份,2024-12-05,2024-12-06,4.76,5.32330248,11.83,False
2024-12-05,002195,岩山科技,2024-12-05,2024-12-06,4.79,5.4,12.73,False
2024-12-05,002640,跨境通,2024-12-04,2024-12-05,5.58,6.82,22.22,False
2024-12-05,002640,跨境通,2024-12-05,2024-12-06,5.89,6.82,15.79,False
2024-12-05,300024,机器人,2024-12-04,2024-12-05,19.8,22.43,13.28,False
2024-12-05,601933,永辉超市,2024-12-04,2024-12-05,5.65,6.03,6.73,False
2024-12-05,601933,永辉超市,2024-12-05,2024-12-06,6.1,6.03,-1.15,True
2024-12-06,002131,利欧股份,2024-12-05,2024-12-06,4.76,5.64051976,18.5,False
2024-12-06,002131,利欧股份,2024-12-06,2024-12-09,5.81,5.64051976,-2.92,True
2024-12-06,002195,岩山科技,2024-12-05,2024-12-06,4.79,5.44,13.57,False
2024-12-06,002195,岩山科技,2024-12-06,2024-12-09,5.9,5.44,-7.8,True
2024-12-06,002640,跨境通,2024-12-05,2024-12-06,5.89,6.82,15.79,False
2024-12-06,601933,永辉超市,2024-12-05,2024-12-06,6.1,5.62,-7.87,True
2024-12-06,601933,永辉超市,2024-12-06,2024-12-09,5.69,5.62,-1.23,False
2024-12-09,002131,利欧股份,2024-12-06,2024-12-09,5.81,5.07547648,-12.64,True
2024-12-09,002131,利欧股份,2024-12-09,2024-12-10,5.6,5.07547648,-9.37,True
2024-12-09,002195,岩山科技,2024-12-06,2024-12-09,5.9,5.49,-6.95,True
2024-12-09,600410,华胜天成,2024-12-09,2024-12-10,9.24,9.17102196,-0.75,False
2024-12-09,601933,永辉超市,2024-12-06,2024-12-09,5.69,5.48,-3.69,False
2024-12-10,002131,利欧股份,2024-12-09,2024-12-10,5.6,4.56991144,-18.39,True
2024-12-10,600410,华胜天成,2024-12-09,2024-12-10,9.24,9.07111976,-1.83,False
2024-12-10,603667,五洲新春,2024-12-10,2024-12-11,28.6,27.40837,-4.17,True
2024-12-10,688165,埃夫特,2024-12-10,2024-12-11,34.5,40.4,17.1,False
2024-12-11,002031,巨轮智能,2024-12-11,2024-12-12,7.23,7.57,4.7,False
2024-12-11,002354,天娱数科,2024-12-11,2024-12-12,7.37,7.72,4.75,False
2024-12-11,603536,惠发食品,2024-12-11,2024-12-12,13.32,14.55,9.23,False
2024-12-11,603667,五洲新春,2024-12-10,2024-12-11,28.6,29.2023724,2.11,True
2024-12-11,688165,埃夫特,2024-12-10,2024-12-11,34.5,37.7,9.28,False
2024-12-12,002031,巨轮智能,2024-12-11,2024-12-12,7.23,8.33,15.21,False
2024-12-12,002354,天娱数科,2024-12-11,2024-12-12,7.37,7.73,4.88,False
2024-12-12,300024,机器人,2024-12-12,2024-12-13,21.87,21.99,0.55,False
2024-12-12,603536,惠发食品,2024-12-11,2024-12-12,13.32,16.01,20.2,False
2024-12-12,605179,一鸣食品,2024-12-12,2024-12-13,31.65,30.44603342,-3.8,True
2024-12-13,300024,机器人,2024-12-12,2024-12-13,21.87,21.78,-0.41,False
2024-12-13,300024,机器人,2024-12-13,2024-12-16,21.71,21.78,0.32,False
2024-12-13,603598,引力传媒,2024-12-13,2024-12-16,21.3,22.45,5.4,True
2024-12-13,603667,五洲新春,2024-12-13,2024-12-16,33.68,35.3318806,4.9,True
2024-12-13,603955,大千生态,2024-12-13,2024-12-16,22.61,21.62904786,-4.34,True
2024-12-13,605179,一鸣食品,2024-12-12,2024-12-13,31.65,27.40043152,-13.43,True
2024-12-16,002265,建设工业,2024-12-16,2024-12-17,29.0,25.42,-12.34,True
2024-12-16,300024,机器人,2024-12-13,2024-12-16,21.71,21.0,-3.27,False
2024-12-16,601933,永辉超市,2024-12-16,2024-12-18,7.16,7.64,6.7,False
2024-12-16,603598,引力传媒,2024-12-13,2024-12-16,21.3,24.7,15.96,True
2024-12-16,603667,五洲新春,2024-12-13,2024-12-16,33.68,31.80367588,-5.57,True
2024-12-16,603955,大千生态,2024-12-13,2024-12-16,22.61,22.12833336,-2.13,True
2024-12-16,688018,乐鑫科技,2024-12-16,2024-12-17,153.31,140.57951386,-8.3,True
2024-12-17,002115,三维通信,2024-12-17,2024-12-18,11.58,9.81,-15.28,True
2024-12-17,002265,建设工业,2024-12-16,2024-12-17,29.0,22.88,-21.1,True
2024-12-17,002354,天娱数科,2024-12-17,2024-12-18,7.43,8.56,15.21,False
2024-12-17,601011,宝泰隆,2024-12-17,2024-12-18,3.08,2.98,-3.25,True
2024-12-17,601933,永辉超市,2024-12-16,2024-12-18,7.16,6.88,-3.91,False
2024-12-17,601933,永辉超市,2024-12-17,2024-12-18,7.15,6.88,-3.78,True
2024-12-17,688018,乐鑫科技,2024-12-16,2024-12-17,153.31,142.34978498,-7.15,True
2024-12-17,688165,埃夫特,2024-12-17,2024-12-18,32.11,30.6,-4.7,False
2024-12-18,002115,三维通信,2024-12-17,2024-12-18,11.58,9.22,-20.38,True
2024-12-18,002265,建设工业,2024-12-18,2024-12-19,20.59,21.07,2.33,False
2024-12-18,002354,天娱数科,2024-12-17,2024-12-18,7.43,8.93,20.19,False
2024-12-18,002593,日上集团,2024-12-18,2024-12-19,6.32,6.34739994,0.43,True
2024-12-18,300024,机器人,2024-12-18,2024-12-19,20.1,20.05,-0.25,False
2024-12-18,601011,宝泰隆,2024-12-17,2024-12-18,3.08,2.99,-2.92,True
2024-12-18,601933,永辉超市,2024-12-16,2024-12-18,7.16,6.87,-4.05,False
2024-12-18,601933,永辉超市,2024-12-17,2024-12-18,7.15,6.87,-3.92,True
2024-12-18,605179,一鸣食品,2024-12-18,2024-12-19,23.77,23.7656804,-0.02,True
2024-12-18,688165,埃夫特,2024-12-17,2024-12-18,32.11,31.5,-1.9,False
2024-12-19,002265,建设工业,2024-12-18,2024-12-19,20.59,20.55,-0.19,False
2024-12-19,002593,日上集团,2024-12-18,2024-12-19,6.32,5.72355252,-9.44,True
2024-12-19,300024,机器人,2024-12-18,2024-12-19,20.1,20.39,1.44,False
2024-12-19,300493,润欣科技,2024-12-19,2024-12-20,30.56,29.56848678,-3.24,True
2024-12-19,605179,一鸣食品,2024-12-18,2024-12-19,23.77,21.82847788,-8.17,True
2024-12-20,002130,沃尔核材,2024-12-20,2024-12-23,22.87,24.80714496,8.47,False
2024-12-20,300493,润欣科技,2024-12-19,2024-12-20,30.56,29.1590616,-4.58,True
2024-12-23,000977,浪潮信息,2024-12-23,2024-12-24,52.39,50.69628045,-3.23,False
2024-12-23,002130,沃尔核材,2024-12-20,2024-12-23,22.87,25.0456752,9.51,False
2024-12-23,300033,同花顺,2024-12-23,2024-12-24,210.63,211.28723434,0.31,False
2024-12-23,603803,瑞斯康达,2024-12-23,2024-12-24,15.0,13.38,-10.8,True
2024-12-24,000977,浪潮信息,2024-12-23,2024-12-24,52.39,53.71712076,2.53,False
2024-12-24,001258,立新能源,2024-12-24,2024-12-25,7.88,8.24592603,4.64,False
2024-12-24,300033,同花顺,2024-12-23,2024-12-24,210.63,215.5694261,2.35,False
2024-12-24,600255,鑫科材料,2024-12-24,2024-12-25,3.7,3.86,4.32,True
2024-12-24,601933,永辉超市,2024-12-24,2024-12-25,5.9,6.11,3.56,False
2024-12-24,603803,瑞斯康达,2024-12-23,2024-12-24,15.0,14.72,-1.87,True
2024-12-24,603803,瑞斯康达,2024-12-24,2024-12-26,13.0,14.72,13.23,False
2024-12-25,001258,立新能源,2024-12-24,2024-12-25,7.88,8.19607158,4.01,False
2024-12-25,600255,鑫科材料,2024-12-24,2024-12-25,3.7,3.89,5.14,True
2024-12-25,601933,永辉超市,2024-12-24,2024-12-25,5.9,6.43,8.98,False
2024-12-25,601933,永辉超市,2024-12-25,2024-12-26,6.02,6.43,6.81,False
2024-12-25,603803,瑞斯康达,2024-12-24,2024-12-26,13.0,13.25,1.92,False
2024-12-26,002354,天娱数科,2024-12-26,2024-12-27,5.85,5.88,0.51,False
2024-12-26,601933,永辉超市,2024-12-25,2024-12-26,6.02,6.81,13.12,False
2024-12-26,603803,瑞斯康达,2024-12-24,2024-12-26,13.0,12.6,-3.08,False
2024-12-26,603803,瑞斯康达,2024-12-26,2024-12-31,11.93,12.6,5.62,False
2024-12-26,688018,乐鑫科技,2024-12-26,2024-12-27,166.18,173.458017,4.38,False
2024-12-27,002354,天娱数科,2024-12-26,2024-12-27,5.85,6.11,4.44,False
2024-12-27,603803,瑞斯康达,2024-12-26,2024-12-31,11.93,11.36,-4.78,False
2024-12-27,688018,乐鑫科技,2024-12-26,2024-12-27,166.18,167.747465,0.94,False
2024-12-30,002045,国光电器,2024-12-30,2024-12-31,23.39,22.88,-2.18,True
2024-12-30,002130,沃尔核材,2024-12-30,2024-12-31,29.04,27.6297528,-4.86,True
2024-12-30,601933,永辉超市,2024-12-30,2024-12-31,6.8,6.75,-0.74,True
2024-12-30,603803,瑞斯康达,2024-12-26,2024-12-31,11.93,10.22,-14.33,False
2024-12-31,000759,中百集团,2024-12-31,2025-01-02,12.49,13.08,4.72,False
2024-12-31,000810,创维数字,2024-12-31,2025-01-02,16.89,15.7523624,-6.74,True
2024-12-31,002045,国光电器,2024-12-30,2024-12-31,23.39,21.69,-7.27,True
2024-12-31,002130,沃尔核材,2024-12-30,2024-12-31,29.04,25.095369,-13.58,True
2024-12-31,601933,永辉超市,2024-12-30,2024-12-31,6.8,6.34,-6.76,True
2024-12-31,603803,瑞斯康达,2024-12-26,2024-12-31,11.93,9.54,-20.03,False
2025-01-02,000759,中百集团,2024-12-31,2025-01-02,12.49,14.39,15.21,False
2025-01-02,000759,中百集团,2025-01-02,2025-01-08,13.58,14.39,5.96,False
2025-01-02,000810,创维数字,2024-12-31,2025-01-02,16.89,14.4264726,-14.59,True
2025-01-02,002130,沃尔核材,2025-01-02,2025-01-03,25.29,24.6978186,-2.34,True
2025-01-02,002364,中恒电气,2025-01-02,2025-01-03,10.3,11.79164613,14.48,False
2025-01-03,000533,顺钠股份,2025-01-03,2025-01-06,6.66,7.34,10.21,False
2025-01-03,000759,中百集团,2025-01-02,2025-01-08,13.58,12.95,-4.64,False
2025-01-03,002130,沃尔核材,2025-01-02,2025-01-03,25.29,23.56479996,-6.82,True
2025-01-03,002265,建设工业,2025-01-03,2025-01-06,26.0,26.3,1.15,False
2025-01-03,002364,中恒电气,2025-01-02,2025-01-03,10.3,11.46382446,11.3,False
2025-01-03,601933,永辉超市,2025-01-03,2025-01-06,6.56,6.12,-6.71,True
2025-01-06,000533,顺钠股份,2025-01-03,2025-01-06,6.66,6.77,1.65,False
2025-01-06,000759,中百集团,2025-01-02,2025-01-08,13.58,11.66,-14.14,False
2025-01-06,002045,国光电器,2025-01-06,2025-01-07,21.16,19.89,-6.0,True
2025-01-06,002265,建设工业,2025-01-03,2025-01-06,26.0,27.7,6.54,False
2025-01-06,601933,永辉超市,2025-01-03,2025-01-06,6.56,5.96,-9.15,True
2025-01-06,601933,永辉超市,2025-01-06,2025-01-07,5.9,5.96,1.02,False
2025-01-07,000681,视觉中国,2025-01-07,2025-01-08,19.8,20.40985602,3.08,False
2025-01-07,000756,新华制药,2025-01-07,2025-01-08,17.87,17.17014494,-3.92,True
2025-01-07,000759,中百集团,2025-01-02,2025-01-08,13.58,10.49,-22.75,False
2025-01-07,002045,国光电器,2025-01-06,2025-01-07,21.16,18.33,-13.37,True
2025-01-07,002265,建设工业,2025-01-07,2025-01-08,27.7,29.0,4.69,False
2025-01-07,002364,中恒电气,2025-01-07,2025-01-08,12.91,13.86785004,7.42,False
2025-01-07,601933,永辉超市,2025-01-06,2025-01-07,5.9,5.97,1.19,False
2025-01-08,000681,视觉中国,2025-01-07,2025-01-08,19.8,21.44883058,8.33,False
2025-01-08,000756,新华制药,2025-01-07,2025-01-08,17.87,16.9533004,-5.13,True
2025-01-08,000759,中百集团,2025-01-02,2025-01-08,13.58,10.97,-19.22,False
2025-01-08,002184,海得控制,2025-01-08,2025-01-09,17.82,18.82,5.61,False
2025-01-08,002265,建设工业,2025-01-07,2025-01-08,27.7,30.0,8.3,False
2025-01-08,002364,中恒电气,2025-01-07,2025-01-08,12.91,15.25860864,18.19,False
2025-01-08,002364,中恒电气,2025-01-08,2025-01-10,14.21,15.25860864,7.38,False
2025-01-09,002184,海得控制,2025-01-08,2025-01-09,17.82,20.7,16.16,False
2025-01-09,002184,海得控制,2025-01-09,2025-01-10,20.01,20.7,3.45,True
2025-01-09,002364,中恒电气,2025-01-08,2025-01-10,14.21,13.72877418,-3.39,False
2025-01-10,002184,海得控制,2025-01-09,2025-01-10,20.01,18.63,-6.9,True
2025-01-10,002184,海得控制,2025-01-10,2025-01-13,18.66,18.63,-0.16,True
2025-01-10,002265,建设工业,2025-01-10,2025-01-14,29.0,31.13,7.34,False
2025-01-10,002364,中恒电气,2025-01-08,2025-01-10,14.21,13.94732196,-1.85,False
2025-01-10,002364,中恒电气,2025-01-10,2025-01-14,12.69,13.94732196,9.91,False
2025-01-10,300493,润欣科技,2025-01-10,2025-01-13,29.77,29.81813628,0.16,True
2025-01-10,600410,华胜天成,2025-01-10,2025-01-13,7.49,7.28287038,-2.77,True
2025-01-13,002184,海得控制,2025-01-10,2025-01-13,18.66,16.77,-10.13,True
2025-01-13,002184,海得控制,2025-01-13,2025-01-14,16.77,16.77,0.0,True
2025-01-13,002265,建设工业,2025-01-10,2025-01-14,29.0,28.02,-3.38,False
2025-01-13,002364,中恒电气,2025-01-10,2025-01-14,12.69,12.55656336,-1.05,False
2025-01-13,300493,润欣科技,2025-01-10,2025-01-13,29.77,28.5599028,-4.06,True
2025-01-13,600410,华胜天成,2025-01-10,2025-01-13,7.49,6.7433985,-9.97,True
2025-01-14,002184,海得控制,2025-01-13,2025-01-14,16.77,16.42,-2.09,True
2025-01-14,002184,海得控制,2025-01-14,2025-01-16,15.09,16.42,8.81,False
2025-01-14,002265,建设工业,2025-01-10,2025-01-14,29.0,30.82,6.28,False
2025-01-14,002265,建设工业,2025-01-14,2025-01-15,25.22,30.82,22.2,False
2025-01-14,002364,中恒电气,2025-01-10,2025-01-14,12.69,13.23207468,4.27,False
2025-01-14,002364,中恒电气,2025-01-14,2025-01-15,12.74,13.23207468,3.86,True
2025-01-14,601933,永辉超市,2025-01-14,2025-01-15,5.67,5.94,4.76,False
2025-01-14,603667,五洲新春,2025-01-14,2025-01-15,31.89,34.42491272,7.95,False
2025-01-15,002184,海得控制,2025-01-14,2025-01-16,15.09,14.78,-2.05,False
2025-01-15,002265,建设工业,2025-01-14,2025-01-15,25.22,33.9,34.42,False
2025-01-15,002364,中恒电气,2025-01-14,2025-01-15,12.74,12.04992987,-5.42,True
2025-01-15,002418,康盛股份,2025-01-15,2025-01-16,4.3,3.86,-10.23,True
2025-01-15,601933,永辉超市,2025-01-14,2025-01-15,5.67,5.68,0.18,False
2025-01-15,603667,五洲新春,2025-01-14,2025-01-15,31.89,37.86341732,18.73,False
2025-01-16,002031,巨轮智能,2025-01-16,2025-01-17,6.68,6.58,-1.5,False
2025-01-16,002131,利欧股份,2025-01-16,2025-01-17,4.2,4.07425944,-2.99,True
2025-01-16,002184,海得控制,2025-01-14,2025-01-16,15.09,15.06,-0.2,False
2025-01-16,002265,建设工业,2025-01-16,2025-01-17,34.65,30.51,-11.95,True
2025-01-16,002418,康盛股份,2025-01-15,2025-01-16,4.3,4.05,-5.81,True
2025-01-16,603667,五洲新春,2025-01-16,2025-01-17,39.37,40.1657204,2.02,False
2025-01-17,002031,巨轮智能,2025-01-16,2025-01-17,6.68,7.24,8.38,False
2025-01-17,002031,巨轮智能,2025-01-17,2025-01-20,6.46,7.24,12.07,False
2025-01-17,002131,利欧股份,2025-01-16,2025-01-17,4.2,3.79669432,-9.6,True
2025-01-17,002187,广百股份,2025-01-17,2025-01-20,10.47,9.344211,-10.75,True
2025-01-17,002265,建设工业,2025-01-16,2025-01-17,34.65,28.95,-16.45,True
2025-01-17,002265,建设工业,2025-01-17,2025-01-20,30.51,28.95,-5.11,True
2025-01-17,603598,引力传媒,2025-01-17,2025-01-20,18.93,18.05,-4.65,True
2025-01-17,603667,五洲新春,2025-01-16,2025-01-17,39.37,41.87002268,6.35,False
2025-01-17,603667,五洲新春,2025-01-17,2025-01-20,41.56,41.87002268,0.75,False
2025-01-20,002031,巨轮智能,2025-01-17,2025-01-20,6.46,7.04,8.98,False
2025-01-20,002187,广百股份,2025-01-17,2025-01-20,10.47,9.71201505,-7.24,True
2025-01-20,002265,建设工业,2025-01-17,2025-01-20,30.51,30.5,-0.03,True
2025-01-20,002265,建设工业,2025-01-20,2025-01-21,28.3,30.5,7.77,False
2025-01-20,002917,金奥博,2025-01-20,2025-01-21,19.86,18.00950084,-9.32,True
2025-01-20,300661,圣邦股份,2025-01-20,2025-01-21,68.15,65.87101928,-3.34,False
2025-01-20,603598,引力传媒,2025-01-17,2025-01-20,18.93,19.86,4.91,True
2025-01-20,603667,五洲新春,2025-01-17,2025-01-20,41.56,42.9563908,3.36,False
2025-01-20,603667,五洲新春,2025-01-20,2025-01-21,39.78,42.9563908,7.98,False
2025-01-21,002265,建设工业,2025-01-20,2025-01-21,28.3,32.95,16.43,False
2025-01-21,002265,建设工业,2025-01-21,2025-01-22,30.0,32.95,9.83,False
2025-01-21,002917,金奥博,2025-01-20,2025-01-21,19.86,19.29022058,-2.87,True
2025-01-21,002917,金奥博,2025-01-21,2025-01-22,18.67,19.29022058,3.32,False
2025-01-21,300661,圣邦股份,2025-01-20,2025-01-21,68.15,66.59083744,-2.29,False
2025-01-21,600255,鑫科材料,2025-01-21,2025-01-22,3.82,3.81,-0.26,False
2025-01-21,603598,引力传媒,2025-01-21,2025-01-22,19.92,19.16,-3.82,True
2025-01-21,603667,五洲新春,2025-01-20,2025-01-21,39.78,45.7470612,15.0,False
2025-01-22,002265,建设工业,2025-01-21,2025-01-22,30.0,31.51,5.03,False
2025-01-22,002265,建设工业,2025-01-22,2025-01-23,32.05,31.51,-1.68,True
2025-01-22,002917,金奥博,2025-01-21,2025-01-22,18.67,21.21626422,13.64,False
2025-01-22,600255,鑫科材料,2025-01-21,2025-01-22,3.82,3.86,1.05,False
2025-01-22,603236,移远通信,2025-01-22,2025-01-23,88.04,86.8497406,-1.35,True
2025-01-22,603598,引力传媒,2025-01-21,2025-01-22,19.92,17.81,-10.59,True
2025-01-22,603667,五洲新春,2025-01-22,2025-01-23,44.05,43.71385848,-0.76,True
2025-01-23,002265,建设工业,2025-01-22,2025-01-23,32.05,29.07,-9.3,True
2025-01-23,002265,建设工业,2025-01-23,2025-01-24,31.7,29.07,-8.3,True
2025-01-23,603236,移远通信,2025-01-22,2025-01-23,88.04,80.0244193,-9.1,True
2025-01-23,603667,五洲新春,2025-01-22,2025-01-23,44.05,43.7537252,-0.67,True
2025-01-23,688165,埃夫特,2025-01-23,2025-01-24,34.4,32.57,-5.32,True
2025-01-24,000856,冀东装备,2025-01-24,2025-01-27,10.4,11.57,11.25,False
2025-01-24,002265,建设工业,2025-01-23,2025-01-24,31.7,30.71,-3.12,True
2025-01-24,002265,建设工业,2025-01-24,2025-01-27,28.6,30.71,7.38,False
2025-01-24,688165,埃夫特,2025-01-23,2025-01-24,34.4,33.9,-1.45,True
2025-01-27,000856,冀东装备,2025-01-24,2025-01-27,10.4,12.73,22.4,False
2025-01-27,000856,冀东装备,2025-01-27,2025-02-06,11.57,12.73,10.03,False
2025-01-27,002130,沃尔核材,2025-01-27,2025-02-05,26.64,25.37365428,-4.75,True
2025-01-27,002265,建设工业,2025-01-24,2025-01-27,28.6,29.8,4.2,False
2025-01-27,002265,建设工业,2025-01-27,2025-02-05,30.68,29.8,-2.87,True
2025-01-27,002265,建设工业,2025-01-27,2025-02-05,30.68,29.8,-2.87,True
2025-01-27,300024,机器人,2025-01-27,2025-02-05,19.23,18.16,-5.56,False
2025-01-27,300153,科泰电源,2025-01-27,2025-02-05,16.67,16.58,-0.54,True
2025-01-27,603667,五洲新春,2025-01-27,2025-02-05,47.64,43.31519128,-9.08,True
2025-02-05,000681,视觉中国,2025-02-05,2025-02-06,25.2,25.3250049,0.5,False
2025-02-05,000856,冀东装备,2025-01-27,2025-02-06,11.57,11.46,-0.95,False
2025-02-05,000856,冀东装备,2025-02-05,2025-02-06,11.46,11.46,0.0,True
2025-02-05,002130,沃尔核材,2025-01-27,2025-02-05,26.64,22.83927048,-14.27,True
2025-02-05,002130,沃尔核材,2025-02-05,2025-02-06,23.11,22.83927048,-1.17,False
2025-02-05,002265,建设工业,2025-01-27,2025-02-05,30.68,27.43,-10.59,True
2025-02-05,002265,建设工业,2025-01-27,2025-02-05,30.68,27.43,-10.59,True
2025-02-05,300024,机器人,2025-01-27,2025-02-05,19.23,19.33,0.52,False
2025-02-05,300024,机器人,2025-02-05,2025-02-06,18.6,19.33,3.92,False
2025-02-05,300153,科泰电源,2025-01-27,2025-02-05,16.67,14.46,-13.26,True
2025-02-05,300718,长盛轴承,2025-02-05,2025-02-06,54.69,53.61004145,-1.97,False
2025-02-05,603667,五洲新春,2025-01-27,2025-02-05,47.64,41.91985608,-12.01,True
2025-02-06,000681,视觉中国,2025-02-05,2025-02-06,25.2,25.5747584,1.49,False
2025-02-06,000856,冀东装备,2025-01-27,2025-02-06,11.57,11.23,-2.94,False
2025-02-06,000856,冀东装备,2025-02-05,2025-02-06,11.46,11.23,-2.01,True
2025-02-06,002130,沃尔核材,2025-02-05,2025-02-06,23.11,23.49522864,1.67,False
2025-02-06,300024,机器人,2025-02-05,2025-02-06,18.6,20.25,8.87,False
2025-02-06,300418,昆仑万维,2025-02-06,2025-02-07,42.3,42.8,1.18,False
2025-02-06,300718,长盛轴承,2025-02-05,2025-02-06,54.69,64.33403935,17.63,False
2025-02-06,600588,用友网络,2025-02-06,2025-02-07,12.0,12.45,3.75,False
2025-02-07,002261,拓维信息,2025-02-07,2025-02-10,21.37,22.47,5.15,False
2025-02-07,300418,昆仑万维,2025-02-06,2025-02-07,42.3,42.93,1.49,False
2025-02-07,300766,每日互动,2025-02-07,2025-02-10,36.39,39.94,9.76,False
2025-02-07,600588,用友网络,2025-02-06,2025-02-07,12.0,13.7,14.17,False
2025-02-10,002085,万丰奥威,2025-02-10,2025-02-11,18.71,18.67752046,-0.17,False
2025-02-10,002261,拓维信息,2025-02-07,2025-02-10,21.37,24.72,15.68,False
2025-02-10,300638,广和通,2025-02-10,2025-02-11,36.49,35.5404296,-2.6,False
2025-02-10,300766,每日互动,2025-02-07,2025-02-10,36.39,47.93,31.71,False
2025-02-11,002085,万丰奥威,2025-02-10,2025-02-11,18.71,18.7170287,0.04,False
2025-02-11,002594,比亚迪,2025-02-11,2025-02-12,111.77,108.6713693,-2.77,False
2025-02-11,300638,广和通,2025-02-10,2025-02-11,36.49,36.122736,-1.01,False
2025-02-11,300638,广和通,2025-02-11,2025-02-12,36.35,36.122736,-0.63,False
2025-02-11,600839,四川长虹,2025-02-11,2025-02-12,11.82,11.0453769,-6.55,True
2025-02-12,002031,巨轮智能,2025-02-12,2025-02-13,8.8,8.77,-0.34,False
2025-02-12,002594,比亚迪,2025-02-11,2025-02-12,111.77,113.66188535,1.69,False
2025-02-12,300638,广和通,2025-02-11,2025-02-12,36.35,39.0737464,7.49,False
2025-02-12,300718,长盛轴承,2025-02-12,2025-02-13,69.52,71.4071029,2.71,True
2025-02-12,600580,卧龙电驱,2025-02-12,2025-02-13,21.93,23.07172042,5.21,True
2025-02-12,600839,四川长虹,2025-02-11,2025-02-12,11.82,11.71207983,-0.91,True
2025-02-13,002031,巨轮智能,2025-02-12,2025-02-13,8.8,9.38,6.59,False
2025-02-13,300718,长盛轴承,2025-02-12,2025-02-13,69.52,67.49751925,-2.91,True
2025-02-13,600580,卧龙电驱,2025-02-12,2025-02-13,21.93,20.92781502,-4.57,True
2025-02-13,600633,浙数文化,2025-02-13,2025-02-14,18.68,16.5157944,-11.59,True
2025-02-14,000681,视觉中国,2025-02-14,2025-02-17,29.38,27.49286528,-6.42,True
2025-02-14,300766,每日互动,2025-02-14,2025-02-17,53.99,51.01,-5.52,True
2025-02-14,600126,杭钢股份,2025-02-14,2025-02-17,10.0,11.14,11.4,False
2025-02-14,600633,浙数文化,2025-02-13,2025-02-14,18.68,17.64633985,-5.53,True
2025-02-17,000681,视觉中国,2025-02-14,2025-02-17,29.38,26.0243147,-11.42,True
2025-02-17,300766,每日互动,2025-02-14,2025-02-17,53.99,53.8,-0.35,True
2025-02-17,600120,浙江东方,2025-02-17,2025-02-18,7.36,7.51175685,2.06,True
2025-02-17,600126,杭钢股份,2025-02-14,2025-02-17,10.0,12.25,22.5,False
2025-02-17,600126,杭钢股份,2025-02-17,2025-02-19,11.51,12.25,6.43,False
2025-02-17,600633,浙数文化,2025-02-17,2025-02-18,17.11,19.41588925,13.48,False
2025-02-18,600120,浙江东方,2025-02-17,2025-02-18,7.36,7.20735886,-2.07,True
2025-02-18,600126,杭钢股份,2025-02-17,2025-02-19,11.51,11.03,-4.17,False
2025-02-18,600633,浙数文化,2025-02-17,2025-02-18,17.11,18.55077621,8.42,False
2025-02-19,300766,每日互动,2025-02-19,2025-02-21,57.6,69.38,20.45,False
2025-02-19,600050,中国联通,2025-02-19,2025-02-20,6.21,6.24156428,0.51,False
2025-02-19,600126,杭钢股份,2025-02-17,2025-02-19,11.51,10.51,-8.69,False
2025-02-19,600126,杭钢股份,2025-02-19,2025-02-20,10.18,10.51,3.24,False
2025-02-19,600633,浙数文化,2025-02-19,2025-02-20,18.76,17.695494,-5.67,True
2025-02-19,600986,浙文互联,2025-02-19,2025-02-20,10.89,10.66,-2.11,True
2025-02-20,300718,长盛轴承,2025-02-20,2025-02-21,103.46,106.444135,2.88,False
2025-02-20,300766,每日互动,2025-02-19,2025-02-21,57.6,61.51,6.79,False
2025-02-20,600050,中国联通,2025-02-19,2025-02-20,6.21,6.0089594,-3.24,False
2025-02-20,600126,杭钢股份,2025-02-19,2025-02-20,10.18,11.15,9.53,False
2025-02-20,600633,浙数文化,2025-02-19,2025-02-20,18.76,18.34432878,-2.22,True
2025-02-20,600986,浙文互联,2025-02-19,2025-02-20,10.89,10.25,-5.88,True
2025-02-20,600986,浙文互联,2025-02-20,2025-02-21,10.19,10.25,0.59,True
2025-02-20,603300,海南华铁,2025-02-20,2025-02-21,9.01,9.04398724,0.38,False
2025-02-21,300718,长盛轴承,2025-02-20,2025-02-21,103.46,107.5384205,3.94,False
2025-02-21,300718,长盛轴承,2025-02-21,2025-02-24,103.41,107.5384205,3.99,False
2025-02-21,300766,每日互动,2025-02-19,2025-02-21,57.6,60.48,5.0,False
2025-02-21,600986,浙文互联,2025-02-20,2025-02-21,10.19,9.99,-1.96,True
2025-02-21,603300,海南华铁,2025-02-20,2025-02-21,9.01,9.95137736,10.45,False
2025-02-21,688158,优刻得,2025-02-21,2025-02-24,37.88,37.4,-1.27,True
2025-02-24,300024,机器人,2025-02-24,2025-02-25,21.1,20.95,-0.71,False
2025-02-24,300718,长盛轴承,2025-02-21,2025-02-24,103.41,100.5747855,-2.74,False
2025-02-24,600050,中国联通,2025-02-24,2025-02-25,6.67,6.52262851,-2.21,True
2025-02-24,603300,海南华铁,2025-02-24,2025-02-25,9.86,10.469886,6.19,False
2025-02-24,688158,优刻得,2025-02-21,2025-02-24,37.88,32.62,-13.89,True
2025-02-25,002335,科华数据,2025-02-25,2025-02-26,49.4,50.13264116,1.48,False
2025-02-25,300024,机器人,2025-02-24,2025-02-25,21.1,21.1,0.0,False
2025-02-25,300153,科泰电源,2025-02-25,2025-02-26,31.1,35.55,14.31,False
2025-02-25,600050,中国联通,2025-02-24,2025-02-25,6.67,6.42570981,-3.66,True
2025-02-25,600126,杭钢股份,2025-02-25,2025-02-26,10.2,12.16,19.22,False
2025-02-25,603300,海南华铁,2025-02-24,2025-02-25,9.86,9.97132,1.13,False
2025-02-26,000034,神州数码,2025-02-26,2025-02-27,53.58,50.9753223,-4.86,True
2025-02-26,000816,智慧农业,2025-02-26,2025-02-27,4.56,4.31,-5.48,True
2025-02-26,002335,科华数据,2025-02-25,2025-02-26,49.4,49.31471904,-0.17,False
2025-02-26,300153,科泰电源,2025-02-25,2025-02-26,31.1,35.71,14.82,False
2025-02-26,300846,首都在线,2025-02-26,2025-02-27,28.23,31.26,10.73,False
2025-02-26,600050,中国联通,2025-02-26,2025-02-27,6.59,6.40632607,-2.79,True
2025-02-26,600126,杭钢股份,2025-02-25,2025-02-26,10.2,13.38,31.18,False
2025-02-26,603300,海南华铁,2025-02-26,2025-02-27,10.47,10.40008676,-0.67,False
2025-02-27,000034,神州数码,2025-02-26,2025-02-27,53.58,48.45139796,-9.57,True
2025-02-27,000816,智慧农业,2025-02-26,2025-02-27,4.56,3.93,-13.82,True
2025-02-27,300846,首都在线,2025-02-26,2025-02-27,28.23,33.33,18.07,False
2025-02-27,600050,中国联通,2025-02-26,2025-02-27,6.59,6.18341306,-6.17,True
2025-02-27,603300,海南华铁,2025-02-26,2025-02-27,10.47,10.99836596,5.05,False
2025-02-28,300846,首都在线,2025-02-28,2025-03-03,32.5,31.12,-4.25,True
2025-02-28,600126,杭钢股份,2025-02-28,2025-03-03,13.26,13.25,-0.08,True
2025-03-03,002031,巨轮智能,2025-03-03,2025-03-04,9.96,9.9,-0.6,False
2025-03-03,300846,首都在线,2025-02-28,2025-03-03,32.5,28.83,-11.29,True
2025-03-03,300846,首都在线,2025-03-03,2025-03-04,32.45,28.83,-11.16,True
2025-03-03,600126,杭钢股份,2025-02-28,2025-03-03,13.26,11.93,-10.03,True
2025-03-03,600126,杭钢股份,2025-03-03,2025-03-04,12.0,11.93,-0.58,True
2025-03-03,603667,五洲新春,2025-03-03,2025-03-04,46.93,43.14575772,-8.06,True
2025-03-04,002031,巨轮智能,2025-03-03,2025-03-04,9.96,10.6,6.43,False
2025-03-04,002167,东方锆业,2025-03-04,2025-03-05,9.98,10.0,0.2,False
2025-03-04,300846,首都在线,2025-03-03,2025-03-04,32.45,27.65,-14.79,True
2025-03-04,600126,杭钢股份,2025-03-03,2025-03-04,12.0,12.3,2.5,True
2025-03-04,603667,五洲新春,2025-03-03,2025-03-04,46.93,44.79025992,-4.56,True
2025-03-05,002167,东方锆业,2025-03-04,2025-03-05,9.98,9.68,-3.01,False
2025-03-05,002167,东方锆业,2025-03-05,2025-03-06,9.97,9.68,-2.91,False
2025-03-05,600126,杭钢股份,2025-03-05,2025-03-06,12.3,12.37,0.57,False
2025-03-05,600206,有研新材,2025-03-05,2025-03-06,19.41,19.42873924,0.1,False
2025-03-05,600588,用友网络,2025-03-05,2025-03-06,16.64,16.53,-0.66,False
2025-03-06,002167,东方锆业,2025-03-05,2025-03-06,9.97,9.79,-1.81,False
2025-03-06,600126,杭钢股份,2025-03-05,2025-03-06,12.3,12.7,3.25,False
2025-03-06,600206,有研新材,2025-03-05,2025-03-06,19.41,20.1346965,3.73,False
2025-03-06,600588,用友网络,2025-03-05,2025-03-06,16.64,18.18,9.25,False
2025-03-07,002105,信隆健康,2025-03-07,2025-03-10,7.28,7.72,6.04,False
2025-03-07,603118,共进股份,2025-03-07,2025-03-10,13.33,13.03,-2.25,True
2025-03-07,603300,海南华铁,2025-03-07,2025-03-10,12.26,12.79320356,4.35,True
2025-03-10,000409,云鼎科技,2025-03-10,2025-03-11,15.68,14.11,-10.01,True
2025-03-10,002105,信隆健康,2025-03-07,2025-03-10,7.28,8.49,16.62,False
2025-03-10,603118,共进股份,2025-03-07,2025-03-10,13.33,12.22,-8.33,True
2025-03-10,603118,共进股份,2025-03-10,2025-03-11,12.91,12.22,-5.34,True
2025-03-10,603300,海南华铁,2025-03-07,2025-03-10,12.26,11.5168746,-6.06,True
2025-03-11,000409,云鼎科技,2025-03-10,2025-03-11,15.68,15.16,-3.32,True
2025-03-11,603118,共进股份,2025-03-10,2025-03-11,12.91,12.05,-6.66,True
2025-03-12,603300,海南华铁,2025-03-12,2025-03-13,12.47,12.39435076,-0.61,True
2025-03-13,000665,湖北广电,2025-03-13,2025-03-14,7.0,7.54,7.71,False
2025-03-13,002195,岩山科技,2025-03-13,2025-03-14,6.72,6.31,-6.1,True
2025-03-13,600126,杭钢股份,2025-03-13,2025-03-14,13.87,14.53,4.76,True
2025-03-13,603300,海南华铁,2025-03-12,2025-03-13,12.47,11.88581344,-4.68,True
2025-03-14,000665,湖北广电,2025-03-13,2025-03-14,7.0,6.89,-1.57,False
2025-03-14,002195,岩山科技,2025-03-13,2025-03-14,6.72,6.33,-5.8,True
2025-03-14,600126,杭钢股份,2025-03-13,2025-03-14,13.87,13.08,-5.7,True
2025-03-18,603300,海南华铁,2025-03-18,2025-03-19,11.8,11.52684592,-2.31,False
2025-03-19,002105,信隆健康,2025-03-19,2025-03-20,11.15,10.65,-4.48,True
2025-03-19,300153,科泰电源,2025-03-19,2025-03-20,42.84,43.02,0.42,True
2025-03-19,603300,海南华铁,2025-03-18,2025-03-19,11.8,11.82598552,0.22,False
2025-03-20,000409,云鼎科技,2025-03-20,2025-03-21,15.03,15.15,0.8,True
2025-03-20,002105,信隆健康,2025-03-19,2025-03-20,11.15,10.79,-3.23,True
2025-03-20,300153,科泰电源,2025-03-19,2025-03-20,42.84,40.54,-5.37,True
2025-03-20,603300,海南华铁,2025-03-20,2025-03-21,11.58,11.45704668,-1.06,True
2025-03-21,000409,云鼎科技,2025-03-20,2025-03-21,15.03,13.64,-9.25,True
2025-03-21,300024,机器人,2025-03-21,2025-03-24,19.7,19.12,-2.94,True
2025-03-21,603300,海南华铁,2025-03-20,2025-03-21,11.58,10.6693124,-7.86,True
2025-03-24,300024,机器人,2025-03-21,2025-03-24,19.7,18.79,-4.62,True
2025-03-24,300024,机器人,2025-03-24,2025-03-25,19.12,18.79,-1.73,False
2025-03-24,300153,科泰电源,2025-03-24,2025-03-25,41.15,42.2,2.55,True
2025-03-24,600580,卧龙电驱,2025-03-24,2025-03-25,21.8,24.21788523,11.09,False
2025-03-25,300024,机器人,2025-03-24,2025-03-25,19.12,18.75,-1.94,False
2025-03-25,300024,机器人,2025-03-25,2025-03-26,18.76,18.75,-0.05,False
2025-03-25,300153,科泰电源,2025-03-24,2025-03-25,41.15,36.16,-12.13,True
2025-03-25,600580,卧龙电驱,2025-03-24,2025-03-25,21.8,23.2531278,6.67,False
2025-03-26,300024,机器人,2025-03-25,2025-03-26,18.76,18.96,1.07,False
2025-03-26,300846,首都在线,2025-03-26,2025-03-27,24.16,24.09,-0.29,True
2025-03-26,600610,中毅达,2025-03-26,2025-03-27,10.45,10.6,1.44,False
2025-03-27,002165,红宝丽,2025-03-27,2025-03-28,5.88,6.64949912,13.09,False
2025-03-27,300846,首都在线,2025-03-26,2025-03-27,24.16,22.64,-6.29,True
2025-03-27,600610,中毅达,2025-03-26,2025-03-27,10.45,11.66,11.58,False
2025-03-27,600610,中毅达,2025-03-27,2025-03-28,11.17,11.66,4.39,True
2025-03-28,002165,红宝丽,2025-03-27,2025-03-28,5.88,6.73908818,14.61,False
2025-03-28,600610,中毅达,2025-03-27,2025-03-28,11.17,10.49,-6.09,True
2025-03-31,600318,新力金融,2025-03-31,2025-04-01,9.78,9.8797545,1.02,False
2025-04-01,002165,红宝丽,2025-04-01,2025-04-02,5.45,6.6694078,22.37,False
2025-04-01,600318,新力金融,2025-03-31,2025-04-01,9.78,9.59034755,-1.94,False
2025-04-01,600610,中毅达,2025-04-01,2025-04-02,8.53,8.5,-0.35,True
2025-04-02,002165,红宝丽,2025-04-01,2025-04-02,5.45,6.36082326,16.71,False
2025-04-02,002165,红宝丽,2025-04-02,2025-04-03,6.12,6.36082326,3.94,False
2025-04-02,600610,中毅达,2025-04-01,2025-04-02,8.53,8.68,1.76,True
2025-04-02,603300,海南华铁,2025-04-02,2025-04-03,10.12,10.52971392,4.05,False
2025-04-03,002165,红宝丽,2025-04-02,2025-04-03,6.12,6.99790102,14.34,False
2025-04-03,600611,大众交通,2025-04-03,2025-04-07,6.18,6.19896875,0.31,True
2025-04-03,603300,海南华铁,2025-04-02,2025-04-03,10.12,11.0681652,9.37,False
2025-04-07,002165,红宝丽,2025-04-07,2025-04-08,7.23,6.45041232,-10.78,True
2025-04-07,600610,中毅达,2025-04-07,2025-04-08,8.39,8.39,0.0,True
2025-04-07,600611,大众交通,2025-04-03,2025-04-07,6.18,5.58403105,-9.64,True
2025-04-08,002165,红宝丽,2025-04-07,2025-04-08,7.23,7.09744442,-1.83,True
2025-04-08,002900,哈三联,2025-04-08,2025-04-09,12.15,14.85609642,22.27,False
2025-04-08,600610,中毅达,2025-04-07,2025-04-08,8.39,7.56,-9.89,True
2025-04-09,002165,红宝丽,2025-04-09,2025-04-10,6.77,7.0675814,4.4,False
2025-04-09,002900,哈三联,2025-04-08,2025-04-09,12.15,16.34466348,34.52,False
2025-04-10,002165,红宝丽,2025-04-09,2025-04-10,6.77,7.22685084,6.75,False
2025-04-11,002570,贝因美,2025-04-11,2025-04-14,6.51,6.93,6.45,False
2025-04-11,300024,机器人,2025-04-11,2025-04-14,16.04,16.31,1.68,False
2025-04-14,002570,贝因美,2025-04-11,2025-04-14,6.51,6.73,3.38,False
2025-04-14,002570,贝因美,2025-04-14,2025-04-15,6.84,6.73,-1.61,False
2025-04-14,300024,机器人,2025-04-11,2025-04-14,16.04,16.5,2.87,False
2025-04-15,002570,贝因美,2025-04-14,2025-04-15,6.84,6.64,-2.92,False
2025-04-15,002900,哈三联,2025-04-15,2025-04-16,14.75,13.5055422,-8.44,True
2025-04-15,300871,回盛生物,2025-04-15,2025-04-16,28.99,25.77442743,-11.09,True
2025-04-16,002165,红宝丽,2025-04-16,2025-04-17,8.7,9.8050249,12.7,False
2025-04-16,002900,哈三联,2025-04-15,2025-04-16,14.75,12.74647158,-13.58,True
2025-04-16,300024,机器人,2025-04-16,2025-04-17,16.4,16.17,-1.4,False
2025-04-16,300100,双林股份,2025-04-16,2025-04-17,51.71,52.56285632,1.65,False
2025-04-16,300871,回盛生物,2025-04-15,2025-04-16,28.99,24.84294101,-14.31,True
2025-04-17,002165,红宝丽,2025-04-16,2025-04-17,8.7,10.79050456,24.03,False
2025-04-17,002165,红宝丽,2025-04-17,2025-04-18,10.3,10.79050456,4.76,False
2025-04-17,300024,机器人,2025-04-16,2025-04-17,16.4,16.06,-2.07,False
2025-04-17,300100,双林股份,2025-04-16,2025-04-17,51.71,49.5446208,-4.19,False
2025-04-17,601008,连云港,2025-04-17,2025-04-18,6.31,6.0079227,-4.79,True
2025-04-18,000948,南天信息,2025-04-18,2025-04-21,18.02,18.13861126,0.66,False
2025-04-18,002094,青岛金王,2025-04-18,2025-04-21,6.89,6.72,-2.47,True
2025-04-18,002165,红宝丽,2025-04-17,2025-04-18,10.3,11.86557328,15.2,False
2025-04-18,301073,君亭酒店,2025-04-18,2025-04-21,28.25,25.91662206,-8.26,True
2025-04-18,601008,连云港,2025-04-17,2025-04-18,6.31,5.41201492,-14.23,True
2025-04-21,000948,南天信息,2025-04-18,2025-04-21,18.02,18.8155737,4.41,False
2025-04-21,002094,青岛金王,2025-04-18,2025-04-21,6.89,7.39,7.26,True
2025-04-21,002165,红宝丽,2025-04-21,2025-04-22,11.87,12.03479706,1.39,False
2025-04-21,300024,机器人,2025-04-21,2025-04-22,16.15,16.44,1.8,False
2025-04-21,300871,回盛生物,2025-04-21,2025-04-22,22.15,22.23676092,0.39,False
2025-04-21,301073,君亭酒店,2025-04-18,2025-04-21,28.25,25.26301218,-10.57,True
2025-04-21,600610,中毅达,2025-04-21,2025-04-24,11.25,12.0,6.67,False
2025-04-22,002131,利欧股份,2025-04-22,2025-04-23,3.58,3.60834656,0.79,False
2025-04-22,002165,红宝丽,2025-04-21,2025-04-22,11.87,13.2392722,11.54,False
2025-04-22,300024,机器人,2025-04-21,2025-04-22,16.15,16.26,0.68,False
2025-04-22,300024,机器人,2025-04-22,2025-04-23,16.41,16.26,-0.91,False
2025-04-22,300871,回盛生物,2025-04-21,2025-04-22,22.15,22.77187014,2.81,False
2025-04-22,600610,中毅达,2025-04-21,2025-04-24,11.25,10.8,-4.0,False
2025-04-22,600644,乐山电力,2025-04-22,2025-04-24,12.12,12.94,6.77,False
2025-04-23,000965,天保基建,2025-04-23,2025-04-24,4.95,4.72742478,-4.5,True
2025-04-23,002131,利欧股份,2025-04-22,2025-04-23,3.58,3.50921616,-1.98,False
2025-04-23,300024,机器人,2025-04-22,2025-04-23,16.41,16.61,1.22,False
2025-04-23,600610,中毅达,2025-04-21,2025-04-24,11.25,9.72,-13.6,False
2025-04-23,600644,乐山电力,2025-04-22,2025-04-24,12.12,11.69,-3.55,False
2025-04-24,000617,中油资本,2025-04-24,2025-04-25,7.66,7.32221924,-4.41,True
2025-04-24,000965,天保基建,2025-04-23,2025-04-24,4.95,5.19617787,4.97,True
2025-04-24,002094,青岛金王,2025-04-24,2025-04-25,9.0,9.14,1.56,True
2025-04-24,600610,中毅达,2025-04-21,2025-04-24,11.25,9.6,-14.67,False
2025-04-24,600644,乐山电力,2025-04-22,2025-04-24,12.12,12.86,6.11,False
2025-04-25,000617,中油资本,2025-04-24,2025-04-25,7.66,7.14459128,-6.73,True
2025-04-25,002094,青岛金王,2025-04-24,2025-04-25,9.0,8.24,-8.44,True
2025-04-25,002165,红宝丽,2025-04-25,2025-04-28,11.95,11.52712572,-3.54,True
2025-04-28,002165,红宝丽,2025-04-25,2025-04-28,11.95,11.9949797,0.38,True
2025-04-28,002165,红宝丽,2025-04-28,2025-04-29,11.42,11.9949797,5.03,False
2025-04-28,300024,机器人,2025-04-28,2025-04-29,16.22,16.06,-0.99,False
2025-04-28,600644,乐山电力,2025-04-28,2025-04-29,14.12,13.5,-4.39,True
2025-04-29,002165,红宝丽,2025-04-28,2025-04-29,11.42,12.6420118,10.7,False
2025-04-29,300024,机器人,2025-04-28,2025-04-29,16.22,16.17,-0.31,False
2025-04-29,600644,乐山电力,2025-04-28,2025-04-29,14.12,12.15,-13.95,True
2025-04-30,300024,机器人,2025-04-30,2025-05-06,16.23,16.66,2.65,False
2025-04-30,300100,双林股份,2025-04-30,2025-05-06,53.47,56.26446592,5.23,False
2025-05-06,000565,渝三峡A,2025-05-06,2025-05-07,7.99,8.30090055,3.89,False
2025-05-06,300024,机器人,2025-04-30,2025-05-06,16.23,17.19,5.91,False
2025-05-06,300024,机器人,2025-05-06,2025-05-07,16.9,17.19,1.72,False
2025-05-06,300100,双林股份,2025-04-30,2025-05-06,53.47,56.21463656,5.13,False
2025-05-07,000565,渝三峡A,2025-05-06,2025-05-07,7.99,9.1299917,14.27,False
2025-05-07,300024,机器人,2025-05-06,2025-05-07,16.9,17.15,1.48,False
2025-05-08,000565,渝三峡A,2025-05-08,2025-05-09,8.44,8.7504078,3.68,False
2025-05-08,002570,贝因美,2025-05-08,2025-05-09,6.33,6.39,0.95,False
2025-05-08,600611,大众交通,2025-05-08,2025-05-09,6.46,6.4469275,-0.2,False
2025-05-09,000565,渝三峡A,2025-05-08,2025-05-09,8.44,9.2898165,10.07,False
2025-05-09,002570,贝因美,2025-05-08,2025-05-09,6.33,6.06,-4.27,False
2025-05-09,600611,大众交通,2025-05-08,2025-05-09,6.46,6.2882339,-2.66,False
2025-05-12,000565,渝三峡A,2025-05-12,2025-05-13,8.36,9.9490938,19.01,False
2025-05-13,000565,渝三峡A,2025-05-12,2025-05-13,8.36,10.51846965,25.82,False
2025-05-13,000565,渝三峡A,2025-05-13,2025-05-14,9.95,10.51846965,5.71,False
2025-05-13,002640,跨境通,2025-05-13,2025-05-14,4.69,4.6,-1.92,True
2025-05-13,300024,机器人,2025-05-13,2025-05-14,17.8,17.35,-2.53,False
2025-05-14,000565,渝三峡A,2025-05-13,2025-05-14,9.95,11.5673199,16.25,False
2025-05-14,000565,渝三峡A,2025-05-14,2025-05-15,10.46,11.5673199,10.59,False
2025-05-14,002640,跨境通,2025-05-13,2025-05-14,4.69,5.06,7.89,True
2025-05-14,300024,机器人,2025-05-13,2025-05-14,17.8,17.36,-2.47,False
2025-05-14,301209,联合化学,2025-05-14,2025-05-15,69.77,68.6688336,-1.58,True
2025-05-15,000565,渝三峡A,2025-05-14,2025-05-15,10.46,12.7260497,21.66,False
2025-05-15,301209,联合化学,2025-05-14,2025-05-15,69.77,69.90244816,0.19,True
2025-05-15,600610,中毅达,2025-05-15,2025-05-16,15.0,13.28,-11.47,True
2025-05-15,600644,乐山电力,2025-05-15,2025-05-16,12.0,12.97,8.08,False
2025-05-16,600610,中毅达,2025-05-15,2025-05-16,15.0,14.61,-2.6,True
2025-05-16,600644,乐山电力,2025-05-15,2025-05-16,12.0,12.61,5.08,False
2025-05-16,600644,乐山电力,2025-05-16,2025-05-19,12.49,12.61,0.96,False
2025-05-19,600644,乐山电力,2025-05-16,2025-05-19,12.49,12.66,1.36,False
2025-05-20,002190,成飞集成,2025-05-20,2025-05-21,42.2,42.5,0.71,True
2025-05-20,600610,中毅达,2025-05-20,2025-05-21,16.7,16.64,-0.36,True
2025-05-21,002190,成飞集成,2025-05-20,2025-05-21,42.2,38.25,-9.36,True
2025-05-21,002190,成飞集成,2025-05-21,2025-05-22,41.25,38.25,-7.27,True
2025-05-21,600610,中毅达,2025-05-20,2025-05-21,16.7,15.79,-5.45,True
2025-05-22,002190,成飞集成,2025-05-21,2025-05-22,41.25,36.35,-11.88,True
2025-05-22,600550,保变电气,2025-05-22,2025-05-23,9.0,8.97,-0.33,False
2025-05-22,601008,连云港,2025-05-22,2025-05-26,6.8,7.33975522,7.94,False
2025-05-23,002045,国光电器,2025-05-23,2025-05-26,16.0,15.93,-0.44,False
2025-05-23,002735,王子新材,2025-05-23,2025-05-26,17.25,18.94839648,9.85,False
2025-05-23,600550,保变电气,2025-05-22,2025-05-23,9.0,8.57,-4.78,False
2025-05-23,600610,中毅达,2025-05-23,2025-05-26,14.0,14.64,4.57,False
2025-05-23,601008,连云港,2025-05-22,2025-05-26,6.8,6.60874326,-2.81,False
2025-05-26,002045,国光电器,2025-05-23,2025-05-26,16.0,16.21,1.31,False
2025-05-26,002735,王子新材,2025-05-23,2025-05-26,17.25,18.30878816,6.14,False
2025-05-26,600610,中毅达,2025-05-23,2025-05-26,14.0,16.09,14.93,False
2025-05-26,601008,连云港,2025-05-22,2025-05-26,6.8,6.45068662,-5.14,False
2025-05-27,002735,王子新材,2025-05-27,2025-05-28,17.99,18.79848828,4.49,False
2025-05-28,002735,王子新材,2025-05-27,2025-05-28,17.99,19.84784568,10.33,False
2025-05-28,600793,宜宾纸业,2025-05-28,2025-05-29,36.91,33.22,-10.0,True
2025-05-28,601727,上海电气,2025-05-28,2025-05-29,7.71,7.62,-1.17,False
2025-05-29,600644,乐山电力,2025-05-29,2025-05-30,15.59,15.47,-0.77,True
2025-05-29,600793,宜宾纸业,2025-05-28,2025-05-29,36.91,31.51,-14.63,True
2025-05-29,601727,上海电气,2025-05-28,2025-05-29,7.71,7.63,-1.04,False
2025-05-30,002094,青岛金王,2025-05-30,2025-06-03,10.19,9.6,-5.79,False
2025-05-30,600644,乐山电力,2025-05-29,2025-05-30,15.59,14.78,-5.2,True
2025-06-03,002094,青岛金王,2025-05-30,2025-06-03,10.19,9.88,-3.04,False
2025-06-03,605388,均瑶健康,2025-06-03,2025-06-04,8.03,9.58509728,19.37,False
2025-06-04,002104,恒宝股份,2025-06-04,2025-06-05,9.89,9.5428992,-3.51,True
2025-06-04,605388,均瑶健康,2025-06-03,2025-06-04,8.03,9.71382276,20.97,False
2025-06-05,002104,恒宝股份,2025-06-04,2025-06-05,9.89,10.49718912,6.14,True
2025-06-06,002104,恒宝股份,2025-06-06,2025-06-09,10.64,10.95445304,2.96,False
2025-06-06,300024,机器人,2025-06-06,2025-06-09,16.68,16.49,-1.14,False
2025-06-09,002104,恒宝股份,2025-06-06,2025-06-09,10.64,12.04791024,13.23,False
2025-06-09,300024,机器人,2025-06-06,2025-06-09,16.68,16.74,0.36,False
2025-06-11,600644,乐山电力,2025-06-11,2025-06-12,16.76,15.81,-5.67,True
2025-06-12,002317,众生药业,2025-06-12,2025-06-13,17.37,16.87,-2.88,True
2025-06-12,600644,乐山电力,2025-06-11,2025-06-12,16.76,15.99,-4.59,True
2025-06-13,002104,恒宝股份,2025-06-13,2025-06-16,11.55,12.15725596,5.26,False
2025-06-13,002317,众生药业,2025-06-12,2025-06-13,17.37,15.68,-9.73,True
2025-06-16,002104,恒宝股份,2025-06-13,2025-06-16,11.55,13.3699994,15.76,False
2025-12-05,688795,摩尔线程,2025-12-05,2025-12-08,650.0,600.5,-7.62,True
2025-12-08,688795,摩尔线程,2025-12-05,2025-12-08,650.0,594.25,-8.58,True
2026-01-05,000759,中百集团,2026-01-05,2026-01-06,7.51,7.65,1.86,False
2026-01-05,002130,沃尔核材,2026-01-05,2026-01-06,26.39,26.95,2.12,False
2026-01-05,002364,中恒电气,2026-01-05,2026-01-06,26.45,26.63,0.68,False
2026-01-06,000759,中百集团,2026-01-05,2026-01-06,7.51,7.85,4.53,False
2026-01-06,002130,沃尔核材,2026-01-05,2026-01-06,26.39,27.16,2.92,False
2026-01-06,002364,中恒电气,2026-01-05,2026-01-06,26.45,27.5,3.97,False
2026-01-16,000681,视觉中国,2026-01-16,2026-01-19,31.6,31.6,0.0,True
2026-01-16,002202,金风科技,2026-01-16,2026-01-19,27.04,27.04,0.0,True
2026-01-16,603598,引力传媒,2026-01-16,2026-01-19,28.36,28.36,0.0,True
2026-01-19,000547,航天发展,2026-01-19,2026-01-20,29.6,28.9,-2.36,True
2026-01-19,000547,航天发展,2026-01-19,2026-01-20,29.6,28.9,-2.36,True
2026-01-19,000681,视觉中国,2026-01-16,2026-01-19,31.6,28.44,-10.0,True
2026-01-19,002202,金风科技,2026-01-16,2026-01-19,27.04,27.7,2.44,True
2026-01-19,002230,科大讯飞,2026-01-19,2026-01-20,63.78,61.05,-4.28,True
2026-01-19,600879,航天电子,2026-01-19,2026-01-20,25.25,26.53,5.07,False
2026-01-19,600879,航天电子,2026-01-19,2026-01-20,25.25,26.53,5.07,False
2026-01-19,601698,中国卫通,2026-01-19,2026-01-20,39.1,39.79,1.76,True
2026-01-19,603598,引力传媒,2026-01-16,2026-01-19,28.36,25.52,-10.01,True
2026-01-20,000547,航天发展,2026-01-19,2026-01-20,29.6,26.91,-9.09,True
2026-01-20,000547,航天发展,2026-01-19,2026-01-20,29.6,26.91,-9.09,True
2026-01-20,000681,视觉中国,2026-01-20,2026-01-21,28.8,26.8,-6.94,True
2026-01-20,002230,科大讯飞,2026-01-19,2026-01-20,63.78,58.63,-8.07,True
2026-01-20,600879,航天电子,2026-01-19,2026-01-20,25.25,26.31,4.2,False
2026-01-20,600879,航天电子,2026-01-19,2026-01-20,25.25,26.31,4.2,False
2026-01-20,600879,航天电子,2026-01-20,2026-01-21,27.01,26.31,-2.59,False
2026-01-20,601698,中国卫通,2026-01-19,2026-01-20,39.1,37.0,-5.37,True
2026-01-20,603598,引力传媒,2026-01-20,2026-01-21,25.52,24.08,-5.64,True
2026-01-21,000547,航天发展,2026-01-21,2026-01-22,26.85,25.88,-3.61,False
2026-01-21,000681,视觉中国,2026-01-20,2026-01-21,28.8,26.88,-6.67,True
2026-01-21,600879,航天电子,2026-01-20,2026-01-21,27.01,26.93,-0.3,False
2026-01-21,600879,航天电子,2026-01-21,2026-01-22,26.2,26.93,2.79,False
2026-01-21,603598,引力传媒,2026-01-20,2026-01-21,25.52,25.24,-1.1,True
2026-01-22,000547,航天发展,2026-01-21,2026-01-22,26.85,27.26,1.53,False
2026-01-22,000547,航天发展,2026-01-22,2026-01-23,25.91,27.26,5.21,False
2026-01-22,600550,保变电气,2026-01-22,2026-01-23,15.15,14.79,-2.38,False
2026-01-22,600879,航天电子,2026-01-21,2026-01-22,26.2,28.6,9.16,False
2026-01-23,000066,中国长城,2026-01-23,2026-01-26,18.8,18.29,-2.71,True
2026-01-23,000547,航天发展,2026-01-22,2026-01-23,25.91,29.42,13.55,False
2026-01-23,600550,保变电气,2026-01-22,2026-01-23,15.15,15.13,-0.13,False
2026-01-26,000066,中国长城,2026-01-23,2026-01-26,18.8,17.23,-8.35,True
2026-01-26,000066,中国长城,2026-01-26,2026-01-27,18.26,17.23,-5.64,True
2026-01-26,301348,蓝箭电子,2026-01-26,2026-01-27,35.5,34.47,-2.9,True
2026-01-27,000066,中国长城,2026-01-26,2026-01-27,18.26,17.08,-6.46,True
2026-01-27,301348,蓝箭电子,2026-01-26,2026-01-27,35.5,31.72,-10.65,True
2026-01-27,601179,中国西电,2026-01-27,2026-01-28,15.7,15.39,-1.97,False
2026-01-28,002131,利欧股份,2026-01-28,2026-01-29,8.71,8.77,0.69,False
2026-01-28,601179,中国西电,2026-01-27,2026-01-28,15.7,15.28,-2.68,False
2026-01-28,688158,优刻得,2026-01-28,2026-01-29,43.0,40.1,-6.74,True
2026-01-29,002131,利欧股份,2026-01-28,2026-01-29,8.71,9.57,9.87,False
2026-01-29,002131,利欧股份,2026-01-29,2026-01-30,8.5,9.57,12.59,False
2026-01-29,600879,航天电子,2026-01-29,2026-01-30,26.8,26.1,-2.61,True
2026-01-29,688158,优刻得,2026-01-28,2026-01-29,43.0,39.79,-7.47,True
2026-01-30,002131,利欧股份,2026-01-29,2026-01-30,8.5,9.32,9.65,False
2026-01-30,002995,天地在线,2026-01-30,2026-02-02,33.0,34.51,4.58,False
2026-01-30,600392,盛和资源,2026-01-30,2026-02-02,28.88,27.03,-6.41,True
2026-01-30,600879,航天电子,2026-01-29,2026-01-30,26.8,25.75,-3.92,True
2026-01-30,600879,航天电子,2026-01-30,2026-02-02,25.68,25.75,0.27,False
2026-02-02,002995,天地在线,2026-01-30,2026-02-02,33.0,35.15,6.52,False
2026-02-02,600392,盛和资源,2026-01-30,2026-02-02,28.88,24.35,-15.69,True
2026-02-02,600392,盛和资源,2026-02-02,2026-02-03,25.5,24.35,-4.51,False
2026-02-02,600879,航天电子,2026-01-30,2026-02-02,25.68,25.57,-0.43,False
2026-02-02,600879,航天电子,2026-02-02,2026-02-03,26.01,25.57,-1.69,False
2026-02-03,000547,航天发展,2026-02-03,2026-02-04,29.53,32.38,9.65,False
2026-02-03,002131,利欧股份,2026-02-03,2026-02-04,10.0,10.18,1.8,True
2026-02-03,600392,盛和资源,2026-02-02,2026-02-03,25.5,26.16,2.59,False
2026-02-03,600879,航天电子,2026-02-02,2026-02-03,26.01,27.13,4.31,False
2026-02-03,600986,浙文互联,2026-02-03,2026-02-04,14.9,15.42,3.49,True
2026-02-04,000547,航天发展,2026-02-03,2026-02-04,29.53,32.5,10.06,False
2026-02-04,000547,航天发展,2026-02-04,2026-02-05,33.47,32.5,-2.9,True
2026-02-04,002131,利欧股份,2026-02-03,2026-02-04,10.0,9.26,-7.4,True
2026-02-04,600986,浙文互联,2026-02-03,2026-02-04,14.9,14.81,-0.6,True
2026-02-04,600986,浙文互联,2026-02-04,2026-02-05,16.3,14.81,-9.14,True
2026-02-05,000547,航天发展,2026-02-04,2026-02-05,33.47,32.0,-4.39,True
2026-02-05,000547,航天发展,2026-02-05,2026-02-06,31.02,32.0,3.16,False
2026-02-05,600986,浙文互联,2026-02-04,2026-02-05,16.3,15.52,-4.79,True
2026-02-05,600986,浙文互联,2026-02-05,2026-02-06,14.99,15.52,3.54,True
2026-02-06,000547,航天发展,2026-02-05,2026-02-06,31.02,30.35,-2.16,False
2026-02-06,000547,航天发展,2026-02-06,2026-02-09,31.5,30.35,-3.65,True
2026-02-06,600986,浙文互联,2026-02-05,2026-02-06,14.99,14.0,-6.6,True
2026-02-09,000547,航天发展,2026-02-06,2026-02-09,31.5,30.34,-3.68,True
2026-02-09,000547,航天发展,2026-02-09,2026-02-10,30.84,30.34,-1.62,True
2026-02-09,002342,巨力索具,2026-02-09,2026-02-10,19.28,19.98,3.63,True
2026-02-09,301362,民爆光电,2026-02-09,2026-02-10,94.0,92.0,-2.13,True
2026-02-10,000547,航天发展,2026-02-09,2026-02-10,30.84,28.5,-7.59,True
2026-02-10,002342,巨力索具,2026-02-09,2026-02-10,19.28,19.78,2.59,True
2026-02-10,301362,民爆光电,2026-02-09,2026-02-10,94.0,92.88,-1.19,True
2026-02-10,603598,引力传媒,2026-02-10,2026-02-11,30.0,31.3,4.33,True
2026-02-11,603598,引力传媒,2026-02-10,2026-02-11,30.0,29.29,-2.37,True
2026-02-12,600111,北方稀土,2026-02-12,2026-02-13,56.31,57.4,1.94,False
2026-02-13,000547,航天发展,2026-02-13,2026-02-24,28.14,28.1,-0.14,False
2026-02-13,000892,欢瑞世纪,2026-02-13,2026-02-24,8.58,8.06,-6.06,True
2026-02-13,002131,利欧股份,2026-02-13,2026-02-24,9.0,8.96,-0.44,False
2026-02-13,600111,北方稀土,2026-02-12,2026-02-13,56.31,54.74,-2.79,False
2026-02-24,000547,航天发展,2026-02-13,2026-02-24,28.14,27.58,-1.99,False
2026-02-24,000681,视觉中国,2026-02-24,2026-02-25,29.25,26.59,-9.09,True
2026-02-24,000892,欢瑞世纪,2026-02-13,2026-02-24,8.58,7.38,-13.99,True
2026-02-24,002131,利欧股份,2026-02-13,2026-02-24,9.0,9.12,1.33,False
2026-02-24,300033,同花顺,2026-02-24,2026-02-25,237.66,231.20340558,-2.72,False
2026-02-25,000681,视觉中国,2026-02-24,2026-02-25,29.25,26.18,-10.5,True
2026-02-25,300033,同花顺,2026-02-24,2026-02-25,237.66,235.95897177,-0.72,False
2026-02-26,000547,航天发展,2026-02-26,2026-02-27,30.04,30.74,2.33,False
2026-02-26,600111,北方稀土,2026-02-26,2026-02-27,60.36,59.1,-2.09,False
2026-02-27,000547,航天发展,2026-02-26,2026-02-27,30.04,30.75,2.36,False
2026-02-27,000547,航天发展,2026-02-27,2026-03-02,30.72,30.75,0.1,False
2026-02-27,600111,北方稀土,2026-02-26,2026-02-27,60.36,62.4,3.38,False
2026-02-27,600111,北方稀土,2026-02-27,2026-03-02,59.13,62.4,5.53,False
2026-02-27,600522,中天科技,2026-02-27,2026-03-02,27.58,29.14,5.66,False
2026-03-02,000547,航天发展,2026-02-27,2026-03-02,30.72,31.99,4.13,False
2026-03-02,000547,航天发展,2026-03-02,2026-03-03,30.68,31.99,4.27,True
2026-03-02,600111,北方稀土,2026-02-27,2026-03-02,59.13,61.74,4.41,False
2026-03-02,600111,北方稀土,2026-03-02,2026-03-03,63.56,61.74,-2.86,True
2026-03-02,600410,华胜天成,2026-03-02,2026-03-03,28.34,29.98,5.79,False
2026-03-02,600522,中天科技,2026-02-27,2026-03-02,27.58,30.2,9.5,False
2026-03-02,603601,再升科技,2026-03-02,2026-03-03,13.0,12.78,-1.69,True
2026-03-03,000547,航天发展,2026-03-02,2026-03-03,30.68,29.02,-5.41,True
2026-03-03,000547,航天发展,2026-03-03,2026-03-04,31.5,29.02,-7.87,True
2026-03-03,600111,北方稀土,2026-03-02,2026-03-03,63.56,55.62,-12.49,True
2026-03-03,600410,华胜天成,2026-03-02,2026-03-03,28.34,27.85,-1.73,False
2026-03-03,600410,华胜天成,2026-03-03,2026-03-04,29.4,27.85,-5.27,True
2026-03-03,603601,再升科技,2026-03-02,2026-03-03,13.0,11.5,-11.54,True
2026-03-04,000547,航天发展,2026-03-03,2026-03-04,31.5,29.35,-6.83,True
2026-03-04,002491,通鼎互联,2026-03-04,2026-03-05,11.01,12.65,14.9,False
2026-03-04,600410,华胜天成,2026-03-03,2026-03-04,29.4,29.06,-1.16,True
2026-03-04,600410,华胜天成,2026-03-04,2026-03-05,27.0,29.06,7.63,False
2026-03-05,000890,法尔胜,2026-03-05,2026-03-06,9.32,9.15,-1.82,True
2026-03-05,002491,通鼎互联,2026-03-04,2026-03-05,11.01,12.2,10.81,False
2026-03-05,600410,华胜天成,2026-03-04,2026-03-05,27.0,28.35,5.0,False
2026-03-06,000890,法尔胜,2026-03-05,2026-03-06,9.32,9.05,-2.9,True
2026-03-06,600089,特变电工,2026-03-06,2026-03-09,32.4,32.23,-0.52,False
2026-03-06,600550,保变电气,2026-03-06,2026-03-09,18.68,18.71,0.16,False
2026-03-09,002261,拓维信息,2026-03-09,2026-03-10,39.49,42.96,8.79,False
2026-03-09,600089,特变电工,2026-03-06,2026-03-09,32.4,32.76,1.11,False
2026-03-09,600550,保变电气,2026-03-06,2026-03-09,18.68,19.0,1.71,False
2026-03-09,600875,东方电气,2026-03-09,2026-03-10,42.11,43.0,2.11,False
2026-03-10,000988,华工科技,2026-03-10,2026-03-11,119.49,123.51,3.36,False
2026-03-10,002261,拓维信息,2026-03-09,2026-03-10,39.49,41.76,5.75,False
2026-03-10,300846,首都在线,2026-03-10,2026-03-11,38.18,37.8,-1.0,True
2026-03-10,600875,东方电气,2026-03-09,2026-03-10,42.11,42.16,0.12,False
2026-03-11,000547,航天发展,2026-03-11,2026-03-12,34.0,33.31,-2.03,True
2026-03-11,000988,华工科技,2026-03-10,2026-03-11,119.49,134.88,12.88,False
2026-03-11,300846,首都在线,2026-03-10,2026-03-11,38.18,36.29,-4.95,True
2026-03-12,000547,航天发展,2026-03-11,2026-03-12,34.0,31.47,-7.44,True
2026-03-12,001896,豫能控股,2026-03-12,2026-03-17,16.23,17.16,5.73,False
2026-03-12,600875,东方电气,2026-03-12,2026-03-13,40.75,40.47,-0.69,True
2026-03-13,000988,华工科技,2026-03-13,2026-03-16,125.3,118.69,-5.28,True
2026-03-13,001896,豫能控股,2026-03-12,2026-03-17,16.23,15.44,-4.87,False
2026-03-13,600722,金牛化工,2026-03-13,2026-03-16,16.0,16.94,5.88,False
2026-03-13,600875,东方电气,2026-03-12,2026-03-13,40.75,38.4,-5.77,True
2026-03-13,688158,优刻得,2026-03-13,2026-03-16,47.0,43.01,-8.49,True
2026-03-16,000988,华工科技,2026-03-13,2026-03-16,125.3,117.21,-6.46,True
2026-03-16,001896,豫能控股,2026-03-12,2026-03-17,16.23,13.9,-14.36,False
2026-03-16,600722,金牛化工,2026-03-13,2026-03-16,16.0,18.4,15.0,False
2026-03-16,600722,金牛化工,2026-03-16,2026-03-17,16.94,18.4,8.62,False
2026-03-16,688158,优刻得,2026-03-13,2026-03-16,47.0,42.62,-9.32,True
2026-03-17,001896,豫能控股,2026-03-12,2026-03-17,16.23,13.9,-14.36,False
2026-03-17,600722,金牛化工,2026-03-16,2026-03-17,16.94,19.3,13.93,False
2026-03-18,600722,金牛化工,2026-03-18,2026-03-19,18.7,17.37,-7.11,True
2026-03-19,600227,赤天化,2026-03-19,2026-03-20,5.3,4.67,-11.89,True
2026-03-19,600722,金牛化工,2026-03-18,2026-03-19,18.7,17.93,-4.12,True
2026-03-19,600722,金牛化工,2026-03-19,2026-03-20,18.5,17.93,-3.08,True
2026-03-19,603803,瑞斯康达,2026-03-19,2026-03-20,13.05,13.9,6.51,False
2026-03-19,688525,佰维存储,2026-03-19,2026-03-20,250.3,243.18,-2.84,True
2026-03-20,000988,华工科技,2026-03-20,2026-03-23,123.09,116.08,-5.7,True
2026-03-20,002401,中远海科,2026-03-20,2026-03-23,15.71,15.14,-3.63,True
2026-03-20,600227,赤天化,2026-03-19,2026-03-20,5.3,4.26,-19.62,True
2026-03-20,600722,金牛化工,2026-03-19,2026-03-20,18.5,16.14,-12.76,True
2026-03-20,600722,金牛化工,2026-03-20,2026-03-23,16.15,16.14,-0.06,True
2026-03-20,603803,瑞斯康达,2026-03-19,2026-03-20,13.05,13.28,1.76,False
2026-03-20,688525,佰维存储,2026-03-19,2026-03-20,250.3,238.88,-4.56,True
2026-03-23,000988,华工科技,2026-03-20,2026-03-23,123.09,113.34,-7.92,True
2026-03-23,002401,中远海科,2026-03-20,2026-03-23,15.71,14.21,-9.55,True
2026-03-23,600722,金牛化工,2026-03-20,2026-03-23,16.15,16.33,1.11,True
2026-03-23,600875,东方电气,2026-03-23,2026-03-24,36.44,35.62,-2.25,False
2026-03-23,601179,中国西电,2026-03-23,2026-03-24,15.74,16.07,2.1,False
2026-03-24,600875,东方电气,2026-03-23,2026-03-24,36.44,37.13,1.89,False
2026-03-24,601179,中国西电,2026-03-23,2026-03-24,15.74,16.37,4.0,False
2026-03-24,601877,正泰电器,2026-03-24,2026-03-25,35.33,34.8,-1.5,False
2026-03-24,603803,瑞斯康达,2026-03-24,2026-03-25,14.47,15.61,7.88,False
2026-03-25,601877,正泰电器,2026-03-24,2026-03-25,35.33,35.33,0.0,False
2026-03-25,603803,瑞斯康达,2026-03-24,2026-03-25,14.47,15.4,6.43,False
2026-03-26,600722,金牛化工,2026-03-26,2026-03-27,16.98,17.85,5.12,False
2026-03-26,688525,佰维存储,2026-03-26,2026-03-27,240.69,238.98,-0.71,True
2026-03-27,600722,金牛化工,2026-03-26,2026-03-27,16.98,17.55,3.36,False
2026-03-27,603601,再升科技,2026-03-27,2026-03-30,12.9,13.18,2.17,False
2026-03-27,688525,佰维存储,2026-03-26,2026-03-27,240.69,238.4,-0.95,True
2026-03-30,300024,机器人,2026-03-30,2026-03-31,14.75,14.79,0.27,False
2026-03-30,603601,再升科技,2026-03-27,2026-03-30,12.9,14.5,12.4,False
2026-03-31,300024,机器人,2026-03-30,2026-03-31,14.75,14.71,-0.27,False
2026-04-01,002192,融捷股份,2026-04-01,2026-04-02,75.0,70.63,-5.83,True
2026-04-02,002192,融捷股份,2026-04-01,2026-04-02,75.0,72.32,-3.57,True
2026-04-03,603601,再升科技,2026-04-03,2026-04-07,14.43,14.0,-2.98,True
2026-04-07,002401,中远海科,2026-04-07,2026-04-08,14.83,15.22,2.63,False
2026-04-07,603538,美诺华,2026-04-07,2026-04-08,40.8,39.31,-3.65,False
2026-04-07,603601,再升科技,2026-04-03,2026-04-07,14.43,13.77,-4.57,True
2026-04-08,002401,中远海科,2026-04-07,2026-04-08,14.83,15.48,4.38,False
2026-04-08,603538,美诺华,2026-04-07,2026-04-08,40.8,43.24,5.98,False
2026-04-09,002131,利欧股份,2026-04-09,2026-04-10,8.03,8.0,-0.37,False
2026-04-09,603538,美诺华,2026-04-09,2026-04-10,46.5,45.5,-2.15,False
2026-04-10,002131,利欧股份,2026-04-09,2026-04-10,8.03,7.99,-0.5,False
2026-04-10,603538,美诺华,2026-04-09,2026-04-10,46.5,49.59,6.65,False
2026-04-13,001309,德明利,2026-04-13,2026-04-14,450.15,481.49,6.96,False
2026-04-13,688525,佰维存储,2026-04-13,2026-04-14,240.0,255.85,6.6,False
2026-04-14,001309,德明利,2026-04-13,2026-04-14,450.15,500.63,11.21,False
2026-04-14,002192,融捷股份,2026-04-14,2026-04-15,77.54,79.5,2.53,False
2026-04-14,688525,佰维存储,2026-04-13,2026-04-14,240.0,288.1,20.04,False
2026-04-14,688525,佰维存储,2026-04-14,2026-04-15,265.99,288.1,8.31,False
2026-04-15,002192,融捷股份,2026-04-14,2026-04-15,77.54,75.28,-2.91,False
2026-04-15,688525,佰维存储,2026-04-14,2026-04-15,265.99,285.41,7.3,False
2026-04-15,688525,佰维存储,2026-04-15,2026-04-16,290.19,285.41,-1.65,True
2026-04-16,603538,美诺华,2026-04-16,2026-04-17,55.5,56.0,0.9,True
2026-04-16,688525,佰维存储,2026-04-15,2026-04-16,290.19,286.8,-1.17,True
2026-04-17,300750,宁德时代,2026-04-17,2026-04-20,448.92,437.3424404,-2.58,True
2026-04-17,603538,美诺华,2026-04-16,2026-04-17,55.5,52.5,-5.41,True
2026-04-20,300750,宁德时代,2026-04-17,2026-04-20,448.92,425.823065,-5.15,True
2026-04-22,002261,拓维信息,2026-04-22,2026-04-23,36.16,38.43,6.28,False
2026-04-22,002342,巨力索具,2026-04-22,2026-04-23,20.32,20.15,-0.84,True
2026-04-23,002261,拓维信息,2026-04-22,2026-04-23,36.16,38.22,5.7,False
2026-04-23,002342,巨力索具,2026-04-22,2026-04-23,20.32,18.96,-6.69,True
2026-04-29,603601,再升科技,2026-04-29,2026-04-30,14.85,15.2,2.36,False
2026-04-30,600111,北方稀土,2026-04-30,2026-05-06,51.88,53.04,2.24,False
2026-04-30,603601,再升科技,2026-04-29,2026-04-30,14.85,15.85,6.73,False
2026-05-06,600111,北方稀土,2026-04-30,2026-05-06,51.88,55.52,7.02,False
2026-05-06,600111,北方稀土,2026-05-06,2026-05-07,53.12,55.52,4.52,False
2026-05-07,600111,北方稀土,2026-05-06,2026-05-07,53.12,55.31,4.12,False
2026-05-07,688256,寒武纪,2026-05-07,2026-05-08,1223.8,1252.6808,2.36,True
2026-05-08,000818,航锦科技,2026-05-08,2026-05-11,19.0,18.82,-0.95,True
2026-05-08,688256,寒武纪,2026-05-07,2026-05-08,1223.8,1182.53,-3.37,True
2026-05-11,000818,航锦科技,2026-05-08,2026-05-11,19.0,18.14,-4.53,True
2026-05-11,603538,美诺华,2026-05-11,2026-05-12,62.0,57.33,-7.53,True
2026-05-12,002491,通鼎互联,2026-05-12,2026-05-13,24.5,25.0,2.04,False
2026-05-12,603538,美诺华,2026-05-11,2026-05-12,62.0,54.01,-12.89,True
2026-05-12,688525,佰维存储,2026-05-12,2026-05-13,313.0,308.97,-1.29,True
2026-05-13,002491,通鼎互联,2026-05-12,2026-05-13,24.5,26.95,10.0,False
2026-05-13,603803,瑞斯康达,2026-05-13,2026-05-14,16.36,17.22,5.26,False
2026-05-13,688525,佰维存储,2026-05-12,2026-05-13,313.0,328.49,4.95,True
2026-05-14,603601,再升科技,2026-05-14,2026-05-15,18.03,16.57,-8.1,True
2026-05-14,603803,瑞斯康达,2026-05-13,2026-05-14,16.36,16.76,2.44,False
2026-05-15,603601,再升科技,2026-05-14,2026-05-15,18.03,16.87,-6.43,True
